,Time_spent_Alone,Stage_fear,Social_event_attendance,Going_outside,Drained_after_socializing,Friends_circle_size,Post_frequency,Personality
0,4.0,No,4.0,6.0,No,13.0,5.0,Extrovert
3,0.0,No,6.0,7.0,No,14.0,8.0,Extrovert
4,3.0,No,9.0,4.0,No,8.0,5.0,Extrovert
5,1.0,No,7.0,5.0,No,6.0,6.0,Extrovert
6,4.0,No,9.0,3.0,No,7.0,7.0,Extrovert
7,2.0,No,8.0,4.0,No,7.0,8.0,Extrovert
9,0.0,No,8.0,6.0,No,13.0,8.0,Extrovert
10,3.0,No,9.0,6.0,No,15.0,5.0,Extrovert
12,3.0,No,6.0,7.0,No,14.0,10.0,Extrovert
13,3.0,No,6.0,4.0,No,10.0,7.0,Extrovert
15,0.0,No,4.0,4.0,No,8.0,8.0,Extrovert
17,1.0,No,5.0,6.0,No,10.0,4.0,Extrovert
19,1.0,No,7.0,5.0,No,12.0,5.0,Extrovert
21,2.0,No,8.0,4.0,No,13.0,6.0,Extrovert
22,1.0,No,6.0,7.0,No,14.0,9.0,Extrovert
24,2.0,No,8.0,7.0,No,15.0,6.0,Extrovert
25,2.0,No,8.0,4.0,No,11.0,9.0,Extrovert
26,0.0,No,6.0,4.0,No,14.0,9.0,Extrovert
27,4.0,No,5.0,7.0,No,6.0,6.0,Extrovert
28,2.0,No,6.0,4.0,No,12.0,10.0,Extrovert
29,0.0,No,9.0,4.0,No,14.0,7.0,Extrovert
30,4.0,No,10.0,4.0,No,9.0,10.0,Extrovert
31,4.0,No,7.0,7.0,No,7.0,9.0,Extrovert
35,2.0,No,6.0,5.0,No,14.0,9.0,Extrovert
36,1.0,No,4.0,4.0,No,15.0,4.0,Extrovert
37,1.0,No,6.0,4.0,No,10.0,5.0,Extrovert
40,3.0,No,5.0,5.0,No,13.0,5.0,Extrovert
41,1.0,No,4.0,5.0,No,6.268862911795962,10.0,Extrovert
45,0.0,No,8.0,6.0,No,6.0,10.0,Extrovert
46,4.0,No,7.0,4.0,No,13.0,10.0,Extrovert
49,1.0,No,5.0,6.0,No,8.0,10.0,Extrovert
51,0.0,No,7.0,4.0,No,10.0,10.0,Extrovert
55,3.0,No,10.0,4.0,No,10.0,5.0,Extrovert
57,2.0,No,10.0,6.0,No,10.0,9.0,Extrovert
58,2.0,No,5.0,7.0,No,10.0,5.0,Extrovert
59,4.505816002819881,No,9.0,4.0,No,7.0,5.0,Extrovert
60,1.0,No,9.0,5.0,No,9.0,10.0,Extrovert
63,2.0,No,7.0,5.0,No,7.0,9.0,Extrovert
64,3.0,No,5.0,6.0,No,6.0,5.0,Extrovert
66,0.0,No,10.0,6.0,No,6.0,4.0,Extrovert
68,0.0,No,4.0,6.0,No,6.0,5.0,Extrovert
71,1.0,No,3.963354474982382,5.0,No,11.0,8.0,Extrovert
72,2.0,No,10.0,5.0,No,12.0,5.0,Extrovert
77,0.0,No,5.0,4.0,No,9.0,10.0,Extrovert
79,4.0,No,9.0,6.0,No,11.0,6.0,Extrovert
81,1.0,No,8.0,4.0,No,11.0,10.0,Extrovert
82,0.0,No,5.0,6.0,No,9.0,7.0,Extrovert
84,4.0,No,4.0,7.0,No,6.0,8.0,Extrovert
85,3.0,No,4.0,4.0,No,12.0,5.0,Extrovert
86,4.0,No,9.0,4.0,No,8.0,10.0,Extrovert
87,0.0,No,6.0,5.0,No,11.0,8.0,Extrovert
88,1.0,No,4.0,6.0,No,15.0,8.0,Extrovert
89,3.0,No,7.0,6.0,No,6.268862911795962,9.0,Extrovert
91,0.0,No,7.0,6.0,No,10.0,4.0,Extrovert
93,3.0,No,5.0,5.0,No,8.0,5.0,Extrovert
94,1.0,No,8.0,6.0,No,9.0,6.0,Extrovert
95,3.0,No,7.0,6.0,No,11.0,10.0,Extrovert
96,1.0,No,5.0,3.0,No,10.0,9.0,Extrovert
97,3.0,No,10.0,6.0,No,14.0,7.0,Extrovert
98,4.0,No,10.0,7.0,No,8.0,10.0,Extrovert
101,1.0,No,3.963354474982382,6.0,No,8.0,8.0,Extrovert
102,0.0,No,4.0,7.0,No,13.0,4.0,Extrovert
105,0.0,No,6.0,7.0,No,12.0,9.0,Extrovert
106,0.0,No,4.0,6.0,No,13.0,5.0,Extrovert
107,0.0,No,6.0,7.0,No,9.0,4.0,Extrovert
108,3.0,No,4.0,5.0,No,10.0,6.0,Extrovert
110,3.0,No,6.0,7.0,No,15.0,5.0,Extrovert
111,4.0,No,9.0,7.0,No,13.0,5.0,Extrovert
112,1.0,No,7.0,7.0,No,9.0,5.0,Extrovert
114,3.0,No,6.0,4.0,No,8.0,10.0,Extrovert
115,4.0,No,5.0,5.0,No,15.0,8.0,Extrovert
116,1.0,No,7.0,5.0,No,6.0,9.0,Extrovert
119,3.0,No,8.0,4.0,No,12.0,4.0,Extrovert
122,3.0,No,5.0,7.0,No,8.0,4.0,Extrovert
124,3.0,No,6.0,6.0,No,10.0,7.0,Extrovert
125,4.505816002819881,Yes,3.0,0.0,Yes,2.0,1.0,Introvert
126,4.0,No,9.0,7.0,No,10.0,5.0,Extrovert
127,4.0,No,4.0,7.0,No,15.0,8.0,Extrovert
129,4.0,No,7.0,6.0,No,7.0,9.0,Extrovert
130,3.0,No,5.0,7.0,No,13.0,7.0,Extrovert
133,4.0,No,9.0,5.0,No,10.0,7.0,Extrovert
134,2.0,No,10.0,6.0,No,11.0,8.0,Extrovert
139,4.0,No,10.0,4.0,No,9.0,8.0,Extrovert
140,2.0,No,10.0,7.0,No,6.0,4.0,Extrovert
142,3.0,No,7.0,5.0,No,6.0,9.0,Extrovert
143,2.0,No,10.0,6.0,No,12.0,5.0,Extrovert
144,3.0,No,5.0,6.0,No,8.0,6.0,Extrovert
145,3.0,No,6.0,7.0,No,15.0,9.0,Extrovert
148,0.0,No,6.0,7.0,No,8.0,7.0,Extrovert
149,1.0,No,4.0,7.0,No,10.0,7.0,Extrovert
151,2.0,No,6.0,4.0,No,13.0,5.0,Extrovert
152,4.0,No,5.0,7.0,No,13.0,8.0,Extrovert
154,4.0,No,8.0,7.0,No,11.0,7.0,Extrovert
157,2.0,No,6.0,7.0,No,11.0,10.0,Extrovert
158,2.0,No,10.0,4.0,No,11.0,10.0,Extrovert
159,2.0,No,9.0,5.0,No,8.0,10.0,Extrovert
162,3.0,No,10.0,5.0,No,14.0,4.0,Extrovert
165,0.0,No,7.0,7.0,No,9.0,8.0,Extrovert
168,1.0,No,5.0,7.0,No,9.0,7.0,Extrovert
170,1.0,No,8.0,4.0,No,10.0,8.0,Extrovert
171,4.505816002819881,No,4.0,7.0,No,7.0,5.0,Extrovert
172,3.0,No,6.0,6.0,No,13.0,9.0,Extrovert
174,1.0,No,5.0,5.0,No,15.0,5.0,Extrovert
176,1.0,No,9.0,4.0,No,13.0,6.0,Extrovert
177,2.0,No,8.0,6.0,No,13.0,10.0,Extrovert
178,2.0,No,9.0,7.0,No,13.0,10.0,Extrovert
179,2.0,No,6.0,7.0,No,8.0,9.0,Extrovert
180,4.505816002819881,No,8.0,5.0,No,9.0,4.0,Extrovert
181,3.0,No,8.0,4.0,No,7.0,4.0,Extrovert
184,3.0,No,8.0,7.0,No,7.0,10.0,Extrovert
189,2.0,No,10.0,7.0,No,10.0,4.0,Extrovert
190,4.0,No,8.0,7.0,No,6.0,10.0,Extrovert
191,3.0,No,8.0,4.0,No,9.0,7.0,Extrovert
192,0.0,No,5.0,6.0,No,9.0,4.0,Extrovert
195,1.0,No,6.0,7.0,No,13.0,10.0,Extrovert
199,3.0,No,6.0,3.0,No,10.0,6.0,Extrovert
207,4.505816002819881,Yes,2.0,2.0,Yes,1.0,2.0,Introvert
210,4.0,Yes,1.0,0.0,Yes,2.0,2.0,Introvert
220,4.0,Yes,2.0,2.0,Yes,6.268862911795962,0.0,Introvert
223,4.0,Yes,1.0,0.0,Yes,3.0,2.0,Introvert
229,4.0,Yes,0.0,1.0,Yes,1.0,2.0,Introvert
235,4.0,Yes,0.0,2.0,Yes,2.0,3.564726631393298,Introvert
238,4.0,Yes,2.0,1.0,Yes,3.0,2.0,Introvert
241,4.0,Yes,0.0,0.0,Yes,1.0,2.0,Introvert
242,4.0,Yes,1.0,1.0,Yes,2.0,2.0,Introvert
251,4.0,Yes,2.0,0.0,Yes,1.0,1.0,Introvert
253,4.0,Yes,0.0,1.0,Yes,1.0,1.0,Introvert
255,4.0,Yes,0.0,2.0,Yes,3.0,2.0,Introvert
258,4.0,Yes,2.0,0.0,Yes,1.0,1.0,Introvert
266,4.0,Yes,0.0,0.0,Yes,3.0,2.0,Introvert
267,4.0,Yes,0.0,1.0,Yes,1.0,1.0,Introvert
271,4.0,Yes,2.0,1.0,Yes,1.0,1.0,Introvert
275,4.0,Yes,2.0,1.0,Yes,3.0,0.0,Introvert
277,4.0,Yes,0.0,1.0,Yes,3.0,0.0,Introvert
281,4.0,Yes,1.0,2.0,Yes,2.0,0.0,Introvert
290,4.0,Yes,0.0,0.0,Yes,2.0,1.0,Introvert
291,4.0,Yes,2.0,1.0,Yes,2.0,1.0,Introvert
292,4.0,Yes,0.0,0.0,Yes,1.0,0.0,Introvert
295,4.0,Yes,0.0,1.0,Yes,1.0,2.0,Introvert
296,4.0,Yes,1.0,1.0,Yes,2.0,0.0,Introvert
300,3.0,No,4.0,5.0,No,6.0,4.0,Extrovert
301,3.0,No,3.0,7.0,No,8.0,7.0,Extrovert
302,3.0,No,4.0,4.0,No,7.0,5.0,Extrovert
303,3.0,No,6.0,5.0,No,6.0,6.0,Extrovert
304,0.0,No,3.0,4.0,No,6.0,5.0,Extrovert
305,0.0,No,6.0,6.0,No,4.0,3.0,Extrovert
306,3.0,No,4.0,6.0,No,7.0,7.0,Extrovert
307,0.0,No,6.0,6.0,No,9.0,4.0,Extrovert
308,0.0,No,5.0,5.0,No,6.268862911795962,9.0,Extrovert
309,0.0,No,4.0,7.0,No,8.0,4.0,Extrovert
310,1.0,No,4.0,3.0,No,6.268862911795962,5.0,Extrovert
311,0.0,No,6.0,3.0,No,8.0,4.0,Extrovert
312,0.0,No,5.0,4.0,No,7.0,3.0,Extrovert
313,0.0,No,7.0,4.0,No,7.0,4.0,Extrovert
314,0.0,No,3.0,7.0,No,6.0,3.0,Extrovert
315,2.0,No,6.0,5.0,No,4.0,9.0,Extrovert
316,3.0,No,7.0,7.0,No,4.0,9.0,Extrovert
317,4.505816002819881,No,3.0,6.0,No,4.0,8.0,Extrovert
318,0.0,No,3.0,5.0,No,7.0,3.0,Extrovert
319,1.0,No,7.0,6.0,No,6.0,3.0,Extrovert
320,4.505816002819881,No,6.0,4.0,No,4.0,5.0,Extrovert
321,3.0,No,3.0,6.0,No,7.0,8.0,Extrovert
322,2.0,No,6.0,6.0,No,5.0,9.0,Extrovert
323,3.0,No,7.0,4.0,No,6.0,6.0,Extrovert
324,0.0,No,6.0,6.0,No,8.0,6.0,Extrovert
325,0.0,No,3.0,6.0,No,8.0,7.0,Extrovert
326,1.0,No,4.0,6.0,No,9.0,9.0,Extrovert
327,1.0,No,7.0,6.0,No,8.0,5.0,Extrovert
328,2.0,No,4.0,6.0,No,7.0,3.0,Extrovert
329,1.0,No,4.0,7.0,No,4.0,7.0,Extrovert
330,1.0,No,3.963354474982382,7.0,No,5.0,3.0,Extrovert
331,1.0,No,5.0,5.0,No,5.0,7.0,Extrovert
332,0.0,No,7.0,5.0,No,6.0,7.0,Extrovert
333,0.0,No,6.0,4.0,No,4.0,7.0,Extrovert
334,3.0,No,6.0,5.0,No,7.0,9.0,Extrovert
335,2.0,No,7.0,7.0,No,9.0,9.0,Extrovert
336,2.0,No,4.0,5.0,No,6.0,3.564726631393298,Extrovert
337,1.0,No,3.963354474982382,4.0,No,8.0,4.0,Extrovert
338,3.0,No,4.0,7.0,No,7.0,7.0,Extrovert
339,2.0,No,3.0,6.0,No,4.0,5.0,Extrovert
340,0.0,No,6.0,5.0,No,4.0,9.0,Extrovert
341,3.0,No,3.0,4.0,No,4.0,8.0,Extrovert
342,0.0,No,4.0,7.0,No,8.0,7.0,Extrovert
343,0.0,No,7.0,7.0,No,9.0,7.0,Extrovert
344,2.0,No,6.0,4.0,No,7.0,5.0,Extrovert
345,2.0,No,6.0,4.0,No,5.0,9.0,Extrovert
346,0.0,No,3.0,5.0,No,4.0,7.0,Extrovert
347,1.0,No,5.0,7.0,No,4.0,5.0,Extrovert
348,3.0,No,4.0,7.0,No,9.0,6.0,Extrovert
349,3.0,No,6.0,4.0,No,5.0,6.0,Extrovert
350,3.0,No,4.0,7.0,No,5.0,6.0,Extrovert
351,1.0,No,6.0,7.0,No,8.0,3.564726631393298,Extrovert
352,3.0,No,5.0,5.0,No,4.0,3.0,Extrovert
353,0.0,No,7.0,7.0,No,8.0,6.0,Extrovert
354,3.0,No,7.0,4.0,No,9.0,5.0,Extrovert
355,0.0,No,4.0,6.0,No,8.0,9.0,Extrovert
356,0.0,No,4.0,5.0,No,9.0,4.0,Extrovert
357,2.0,No,7.0,4.0,No,4.0,8.0,Extrovert
358,0.0,No,4.0,7.0,No,4.0,5.0,Extrovert
359,0.0,No,4.0,6.0,No,4.0,8.0,Extrovert
360,2.0,No,5.0,4.0,No,8.0,3.0,Extrovert
361,1.0,No,3.0,6.0,No,4.0,7.0,Extrovert
362,3.0,No,6.0,4.0,No,8.0,9.0,Extrovert
363,0.0,No,5.0,4.0,No,8.0,7.0,Extrovert
364,0.0,No,4.0,5.0,No,6.0,3.0,Extrovert
365,0.0,No,3.0,5.0,No,4.0,5.0,Extrovert
366,0.0,No,7.0,7.0,No,9.0,3.0,Extrovert
367,0.0,No,4.0,7.0,No,5.0,4.0,Extrovert
368,1.0,No,5.0,6.0,No,5.0,6.0,Extrovert
369,0.0,No,6.0,4.0,No,9.0,8.0,Extrovert
370,2.0,No,3.0,4.0,No,8.0,7.0,Extrovert
371,1.0,No,4.0,6.0,No,6.0,9.0,Extrovert
372,1.0,No,6.0,5.0,No,9.0,4.0,Extrovert
373,1.0,No,4.0,5.0,No,6.0,5.0,Extrovert
374,2.0,No,4.0,7.0,No,4.0,8.0,Extrovert
375,0.0,No,6.0,5.0,No,5.0,5.0,Extrovert
376,0.0,No,7.0,4.0,No,7.0,4.0,Extrovert
377,3.0,No,3.0,5.0,No,4.0,6.0,Extrovert
378,3.0,No,7.0,5.0,No,6.268862911795962,7.0,Extrovert
379,1.0,No,7.0,5.0,No,6.0,5.0,Extrovert
380,3.0,No,5.0,6.0,No,6.268862911795962,9.0,Extrovert
381,2.0,No,5.0,5.0,No,7.0,6.0,Extrovert
382,3.0,No,3.0,6.0,No,6.0,5.0,Extrovert
383,0.0,No,4.0,4.0,No,5.0,5.0,Extrovert
384,2.0,No,7.0,4.0,No,5.0,6.0,Extrovert
385,1.0,No,7.0,5.0,No,8.0,8.0,Extrovert
386,0.0,No,3.963354474982382,4.0,No,7.0,4.0,Extrovert
387,1.0,No,4.0,4.0,No,9.0,4.0,Extrovert
388,0.0,No,5.0,4.0,No,5.0,3.0,Extrovert
389,2.0,No,3.0,5.0,No,6.268862911795962,5.0,Extrovert
390,2.0,No,7.0,4.0,No,5.0,6.0,Extrovert
391,0.0,No,3.0,6.0,No,8.0,6.0,Extrovert
392,2.0,No,4.0,7.0,No,9.0,4.0,Extrovert
393,0.0,No,4.0,5.0,No,6.0,5.0,Extrovert
394,2.0,No,5.0,6.0,No,9.0,5.0,Extrovert
395,2.0,No,6.0,4.0,No,5.0,4.0,Extrovert
396,1.0,No,5.0,6.0,No,4.0,9.0,Extrovert
397,0.0,No,6.0,5.0,No,4.0,3.0,Extrovert
398,2.0,No,4.0,5.0,No,7.0,3.0,Extrovert
399,0.0,No,7.0,7.0,No,4.0,6.0,Extrovert
400,2.0,No,7.0,4.0,No,13.0,7.0,Extrovert
404,1.0,No,5.0,7.0,No,10.0,3.0,Extrovert
405,3.0,No,5.0,5.0,No,14.0,3.0,Extrovert
406,2.0,No,6.0,6.0,No,8.0,6.0,Extrovert
413,4.0,Yes,3.0,1.0,Yes,3.0,1.0,Introvert
414,1.0,No,9.0,5.0,No,9.0,8.0,Extrovert
417,3.0,No,4.0,5.0,No,13.0,7.0,Extrovert
418,3.0,No,8.0,5.0,No,10.0,4.0,Extrovert
419,4.0,Yes,3.0,0.0,Yes,0.0,0.0,Extrovert
420,2.0,No,8.0,4.0,No,14.0,9.0,Extrovert
421,0.0,No,4.0,7.0,No,13.0,9.0,Extrovert
423,4.0,Yes,2.0,0.0,Yes,1.0,2.0,Extrovert
424,1.0,No,4.0,7.0,No,12.0,3.0,Extrovert
428,2.0,No,9.0,6.0,No,6.0,7.0,Extrovert
429,1.0,No,9.0,6.0,No,14.0,9.0,Extrovert
430,2.0,No,5.0,5.0,No,8.0,9.0,Extrovert
431,3.0,No,4.0,7.0,No,9.0,8.0,Extrovert
433,2.0,No,8.0,7.0,No,12.0,5.0,Extrovert
435,1.0,No,4.0,4.0,No,11.0,6.0,Extrovert
436,3.0,No,7.0,7.0,No,9.0,8.0,Extrovert
437,1.0,No,6.0,7.0,No,12.0,6.0,Extrovert
438,0.0,No,9.0,4.0,No,6.0,3.0,Extrovert
439,2.0,No,9.0,4.0,No,9.0,7.0,Extrovert
440,0.0,No,6.0,6.0,No,11.0,5.0,Introvert
441,4.0,Yes,1.0,0.0,Yes,0.0,2.0,Introvert
446,4.0,Yes,3.0,0.0,Yes,2.0,3.564726631393298,Introvert
448,0.0,No,6.0,5.0,No,7.0,7.0,Extrovert
453,3.0,No,6.0,5.0,No,8.0,6.0,Extrovert
454,3.0,No,6.0,7.0,No,8.0,4.0,Extrovert
455,2.0,No,6.0,7.0,No,12.0,6.0,Extrovert
456,4.0,Yes,0.0,2.0,Yes,1.0,0.0,Introvert
457,2.0,No,7.0,4.0,No,14.0,4.0,Extrovert
460,1.0,No,4.0,7.0,No,10.0,7.0,Extrovert
461,3.0,No,6.0,6.0,No,14.0,3.0,Extrovert
462,2.0,No,6.0,7.0,No,6.268862911795962,6.0,Extrovert
463,3.0,No,9.0,7.0,No,6.0,6.0,Extrovert
464,2.0,No,4.0,7.0,No,9.0,8.0,Extrovert
465,3.0,No,7.0,5.0,No,8.0,8.0,Extrovert
466,4.0,Yes,2.0,0.0,Yes,4.0,1.0,Introvert
471,2.0,No,9.0,6.0,No,11.0,8.0,Extrovert
472,1.0,No,3.963354474982382,5.0,No,8.0,8.0,Extrovert
474,1.0,No,4.0,7.0,No,6.0,7.0,Extrovert
476,3.0,No,4.0,7.0,No,6.0,6.0,Extrovert
479,4.0,Yes,1.0,0.0,Yes,2.0,0.0,Introvert
480,3.0,No,8.0,4.0,No,12.0,3.0,Extrovert
482,2.0,No,9.0,5.0,No,8.0,8.0,Extrovert
483,3.0,No,5.0,7.0,No,11.0,9.0,Extrovert
486,1.0,No,8.0,5.0,No,12.0,4.0,Extrovert
491,2.0,No,9.0,6.0,No,14.0,4.0,Extrovert
492,2.0,No,9.0,4.0,No,11.0,4.0,Extrovert
495,4.0,Yes,3.0,0.0,Yes,3.0,0.0,Introvert
496,2.0,No,7.0,5.0,No,9.0,8.0,Extrovert
498,1.0,No,7.0,5.0,No,8.0,3.0,Extrovert
499,3.0,No,6.0,7.0,No,12.0,4.0,Extrovert
501,2.0,No,4.0,7.0,No,10.0,3.0,Extrovert
502,1.0,No,5.0,4.0,No,7.0,8.0,Extrovert
504,4.0,Yes,3.0,0.0,Yes,4.0,1.0,Introvert
505,0.0,No,6.0,7.0,No,8.0,7.0,Extrovert
509,2.0,No,7.0,4.0,No,10.0,9.0,Extrovert
510,1.0,No,5.0,5.0,No,10.0,6.0,Extrovert
514,3.0,No,6.0,7.0,No,13.0,6.0,Extrovert
515,1.0,No,6.0,7.0,No,6.0,3.0,Extrovert
517,0.0,No,4.0,7.0,No,7.0,7.0,Extrovert
518,2.0,No,5.0,6.0,No,12.0,3.0,Extrovert
520,4.505816002819881,No,9.0,5.0,No,8.0,3.0,Extrovert
522,0.0,No,6.0,4.0,No,13.0,6.0,Introvert
523,4.0,Yes,0.0,0.0,Yes,0.0,1.0,Introvert
526,4.505816002819881,Yes,3.0,2.0,Yes,5.0,0.0,Introvert
527,3.0,No,4.0,6.0,No,12.0,3.0,Extrovert
528,2.0,No,4.0,5.0,No,6.0,3.564726631393298,Extrovert
529,1.0,No,7.0,7.0,No,14.0,8.0,Extrovert
531,4.0,Yes,2.0,0.0,Yes,3.0,1.0,Introvert
532,2.0,No,7.0,6.0,No,10.0,7.0,Extrovert
533,2.0,No,7.0,4.0,No,9.0,5.0,Introvert
537,2.0,No,8.0,6.0,No,7.0,9.0,Extrovert
538,3.0,No,4.0,5.0,No,6.0,7.0,Extrovert
540,4.0,Yes,1.0,2.0,Yes,1.0,1.0,Introvert
543,3.0,No,4.0,6.0,No,12.0,3.0,Extrovert
547,0.0,No,8.0,5.0,No,9.0,6.0,Extrovert
549,4.0,Yes,2.0,0.0,Yes,3.0,1.0,Introvert
550,0.0,No,7.0,4.0,No,14.0,3.564726631393298,Introvert
551,1.0,No,8.0,5.0,No,10.0,8.0,Extrovert
554,4.0,Yes,0.0,1.0,Yes,0.0,0.0,Introvert
557,3.0,No,5.0,7.0,No,9.0,4.0,Extrovert
559,4.0,Yes,3.0,2.0,Yes,5.0,2.0,Introvert
560,4.0,Yes,0.0,0.0,Yes,4.0,0.0,Introvert
561,3.0,No,8.0,4.0,No,8.0,7.0,Extrovert
563,0.0,No,3.963354474982382,5.0,No,13.0,8.0,Extrovert
564,1.0,No,6.0,4.0,No,10.0,9.0,Extrovert
567,1.0,No,4.0,5.0,No,6.0,7.0,Introvert
568,4.0,Yes,1.0,0.0,Yes,2.0,2.0,Extrovert
569,4.0,No,0.0,2.0,Yes,5.0,0.0,Introvert
570,0.0,No,8.0,5.0,No,8.0,7.0,Extrovert
571,2.0,No,8.0,4.0,No,10.0,4.0,Introvert
573,0.0,No,9.0,4.0,No,8.0,7.0,Extrovert
574,0.0,No,7.0,5.0,No,6.0,3.0,Extrovert
580,3.0,No,8.0,4.0,No,7.0,5.0,Extrovert
581,2.0,No,9.0,7.0,No,7.0,8.0,Extrovert
582,1.0,No,5.0,5.0,No,8.0,9.0,Introvert
585,4.0,Yes,0.0,0.0,Yes,3.0,1.0,Introvert
586,3.0,No,4.0,5.0,No,6.0,6.0,Extrovert
590,4.0,Yes,2.0,2.0,Yes,2.0,1.0,Introvert
593,2.0,No,6.0,4.0,No,10.0,4.0,Extrovert
595,1.0,No,4.0,4.0,No,14.0,6.0,Extrovert
596,1.0,No,9.0,5.0,No,6.0,8.0,Extrovert
598,0.0,No,4.0,5.0,No,13.0,8.0,Extrovert
599,2.0,No,8.0,4.0,No,9.0,3.0,Extrovert
600,3.0,No,4.0,6.0,No,9.0,9.0,Extrovert
601,2.0,No,9.0,5.0,No,12.0,8.0,Extrovert
602,3.0,No,5.0,4.0,No,13.0,5.0,Extrovert
608,4.0,Yes,0.0,0.0,Yes,3.0,1.0,Introvert
609,2.0,No,4.0,4.0,No,7.0,9.0,Extrovert
611,3.0,No,4.0,7.0,No,8.0,4.0,Extrovert
612,4.0,Yes,0.0,1.0,Yes,3.0,1.0,Introvert
614,1.0,No,8.0,4.0,No,6.0,7.0,Extrovert
615,1.0,No,8.0,5.0,No,11.0,9.0,Extrovert
616,3.0,No,7.0,5.0,No,13.0,9.0,Extrovert
617,0.0,No,6.0,6.0,No,13.0,7.0,Extrovert
620,1.0,No,9.0,4.0,No,13.0,8.0,Extrovert
621,2.0,No,9.0,4.0,No,7.0,9.0,Extrovert
623,3.0,No,8.0,5.0,No,11.0,6.0,Extrovert
625,3.0,No,4.0,5.0,No,11.0,7.0,Extrovert
627,2.0,No,6.0,4.0,No,11.0,4.0,Extrovert
629,0.0,No,5.0,7.0,No,6.0,9.0,Extrovert
632,2.0,No,4.0,4.0,No,7.0,8.0,Extrovert
633,0.0,No,6.0,4.0,No,7.0,6.0,Extrovert
636,3.0,No,9.0,6.0,No,6.268862911795962,7.0,Extrovert
638,1.0,No,7.0,4.0,No,14.0,4.0,Extrovert
639,3.0,No,9.0,7.0,No,8.0,7.0,Extrovert
641,0.0,No,4.0,6.0,No,12.0,4.0,Extrovert
643,1.0,No,6.0,6.0,No,8.0,4.0,Extrovert
645,3.0,No,9.0,6.0,No,9.0,7.0,Extrovert
648,1.0,No,5.0,4.0,No,6.0,8.0,Extrovert
651,0.0,No,7.0,7.0,No,7.0,5.0,Extrovert
654,1.0,No,5.0,7.0,No,11.0,8.0,Extrovert
655,3.0,No,5.0,5.0,No,13.0,8.0,Extrovert
659,1.0,No,6.0,4.0,No,13.0,3.0,Extrovert
660,1.0,No,6.0,6.0,No,6.0,8.0,Extrovert
661,0.0,No,8.0,5.0,No,9.0,8.0,Extrovert
664,0.0,No,8.0,4.0,No,9.0,3.0,Extrovert
665,0.0,No,5.0,4.0,No,8.0,9.0,Extrovert
666,3.0,No,4.0,5.0,No,11.0,4.0,Extrovert
667,2.0,No,5.0,6.0,No,7.0,5.0,Extrovert
668,0.0,No,6.0,6.0,No,8.0,8.0,Extrovert
670,0.0,No,4.0,3.0,No,11.0,4.0,Extrovert
672,0.0,No,7.0,4.0,No,6.0,6.0,Extrovert
673,1.0,No,9.0,7.0,No,13.0,3.0,Extrovert
677,3.0,No,6.0,5.0,No,6.0,8.0,Extrovert
679,3.0,No,4.0,5.0,No,11.0,5.0,Extrovert
680,2.0,No,7.0,4.0,No,13.0,7.0,Extrovert
682,2.0,No,9.0,5.0,No,6.0,9.0,Extrovert
683,4.505816002819881,Yes,3.0,1.0,Yes,4.0,0.0,Introvert
684,4.0,Yes,2.0,2.0,Yes,2.0,2.0,Introvert
685,0.0,No,9.0,4.0,No,10.0,5.0,Extrovert
686,2.0,No,4.0,7.0,No,13.0,4.0,Extrovert
691,3.0,No,8.0,6.0,No,9.0,7.0,Extrovert
692,3.0,No,5.0,5.0,No,6.0,9.0,Extrovert
694,4.505816002819881,No,6.0,6.0,No,12.0,6.0,Extrovert
695,3.0,No,3.963354474982382,4.0,No,11.0,8.0,Extrovert
696,4.0,Yes,1.0,0.0,Yes,3.0,2.0,Introvert
699,3.0,No,4.0,5.0,No,8.0,3.0,Extrovert
700,1.0,No,4.0,7.0,No,7.0,7.0,Extrovert
701,4.0,Yes,2.0,0.0,Yes,5.0,1.0,Introvert
702,2.0,No,9.0,7.0,No,7.0,9.0,Extrovert
703,0.0,No,6.0,5.0,No,7.0,7.0,Extrovert
705,4.0,Yes,0.0,0.0,Yes,5.0,1.0,Introvert
707,0.0,No,6.0,4.0,No,11.0,5.0,Extrovert
708,3.0,No,5.0,7.0,No,14.0,7.0,Extrovert
709,2.0,No,5.0,4.0,No,6.0,4.0,Extrovert
710,0.0,No,7.0,5.0,No,7.0,6.0,Extrovert
713,4.505816002819881,Yes,3.0,2.0,Yes,3.0,0.0,Introvert
714,2.0,No,6.0,5.0,No,7.0,9.0,Extrovert
715,2.0,No,9.0,5.0,No,10.0,3.0,Extrovert
717,2.0,No,7.0,6.0,No,6.0,8.0,Extrovert
719,1.0,No,5.0,4.0,No,14.0,3.0,Extrovert
720,3.0,No,4.0,4.0,No,14.0,7.0,Introvert
721,2.0,No,5.0,4.0,No,12.0,5.0,Extrovert
722,2.0,No,5.0,4.0,No,8.0,8.0,Extrovert
723,1.0,No,5.0,7.0,No,8.0,7.0,Extrovert
725,0.0,No,5.0,4.0,No,12.0,3.0,Extrovert
727,0.0,No,4.0,6.0,No,10.0,8.0,Extrovert
728,3.0,No,9.0,7.0,No,14.0,4.0,Extrovert
729,0.0,No,7.0,6.0,No,14.0,7.0,Extrovert
730,1.0,No,5.0,7.0,No,12.0,3.0,Extrovert
732,2.0,No,9.0,6.0,No,10.0,9.0,Extrovert
733,4.0,Yes,2.0,1.0,Yes,2.0,2.0,Introvert
734,0.0,No,5.0,3.0,No,9.0,9.0,Extrovert
735,2.0,No,5.0,6.0,No,12.0,3.0,Extrovert
737,1.0,No,6.0,4.0,No,13.0,4.0,Extrovert
740,3.0,No,8.0,5.0,No,7.0,9.0,Extrovert
745,3.0,No,4.0,7.0,No,13.0,6.0,Extrovert
746,2.0,No,4.0,5.0,No,14.0,9.0,Extrovert
748,0.0,No,6.0,4.0,No,13.0,8.0,Extrovert
750,0.0,No,4.0,4.0,No,14.0,9.0,Extrovert
751,4.0,Yes,0.0,2.0,Yes,1.0,0.0,Introvert
752,0.0,No,8.0,6.0,No,11.0,9.0,Extrovert
754,0.0,No,5.0,4.0,No,12.0,6.0,Extrovert
756,2.0,No,8.0,5.0,No,7.0,3.0,Extrovert
760,3.0,No,5.0,4.0,No,8.0,4.0,Extrovert
762,1.0,No,3.963354474982382,7.0,No,14.0,3.0,Extrovert
764,4.0,Yes,3.0,2.0,Yes,2.0,0.0,Introvert
765,0.0,No,6.0,4.0,No,7.0,6.0,Extrovert
767,2.0,No,6.0,5.0,No,13.0,6.0,Extrovert
769,1.0,No,3.963354474982382,4.0,No,10.0,7.0,Extrovert
770,4.0,Yes,1.0,0.0,Yes,5.0,0.0,Introvert
771,2.0,No,5.0,6.0,No,13.0,4.0,Extrovert
772,3.0,No,6.0,4.0,No,6.0,8.0,Extrovert
773,3.0,No,6.0,7.0,No,13.0,6.0,Extrovert
774,4.0,Yes,2.0,2.0,Yes,0.0,0.0,Introvert
776,4.505816002819881,No,6.0,5.0,No,12.0,7.0,Extrovert
779,0.0,No,9.0,6.0,No,7.0,6.0,Extrovert
780,1.0,No,9.0,4.0,No,12.0,4.0,Extrovert
782,4.0,Yes,0.0,2.0,Yes,1.0,0.0,Introvert
788,1.0,No,4.0,5.0,No,13.0,5.0,Extrovert
789,1.0,No,5.0,5.0,No,9.0,5.0,Extrovert
790,2.0,No,7.0,4.0,No,12.0,7.0,Introvert
791,2.0,No,4.0,5.0,No,8.0,5.0,Extrovert
794,4.0,Yes,2.0,2.0,Yes,4.0,0.0,Introvert
797,3.0,No,7.0,4.0,No,10.0,9.0,Introvert
798,3.0,No,8.0,6.0,No,9.0,8.0,Extrovert
800,4.0,Yes,1.0,1.0,Yes,1.0,0.0,Introvert
803,0.0,No,4.0,4.0,No,10.0,9.0,Extrovert
804,2.0,No,9.0,5.0,No,9.0,9.0,Extrovert
808,1.0,No,4.0,7.0,No,11.0,8.0,Extrovert
810,0.0,No,8.0,5.0,No,7.0,8.0,Extrovert
811,2.0,No,9.0,7.0,No,14.0,3.0,Extrovert
812,3.0,No,9.0,4.0,No,13.0,5.0,Extrovert
817,4.0,Yes,0.0,1.0,Yes,0.0,0.0,Introvert
818,3.0,No,5.0,3.0,No,12.0,4.0,Extrovert
819,4.505816002819881,Yes,2.0,1.0,Yes,5.0,1.0,Introvert
821,3.0,No,4.0,7.0,No,8.0,5.0,Extrovert
823,2.0,No,4.0,5.0,No,13.0,4.0,Extrovert
826,1.0,No,6.0,6.0,No,14.0,6.0,Extrovert
828,3.0,No,7.0,4.0,No,14.0,7.0,Extrovert
829,2.0,No,5.0,6.0,No,12.0,8.0,Extrovert
833,2.0,No,7.0,5.0,No,8.0,5.0,Extrovert
837,3.0,No,7.0,7.0,No,7.0,3.0,Extrovert
839,0.0,No,5.0,7.0,No,9.0,4.0,Extrovert
840,2.0,No,5.0,7.0,No,11.0,9.0,Extrovert
841,1.0,No,6.0,6.0,No,11.0,7.0,Extrovert
842,3.0,No,6.0,4.0,No,7.0,3.564726631393298,Extrovert
843,2.0,No,4.0,6.0,No,13.0,6.0,Extrovert
844,3.0,No,9.0,6.0,No,7.0,9.0,Extrovert
845,0.0,No,8.0,5.0,No,14.0,8.0,Extrovert
846,1.0,No,7.0,4.0,No,13.0,9.0,Extrovert
847,4.0,Yes,3.0,1.0,Yes,5.0,0.0,Introvert
848,2.0,No,4.0,4.0,No,7.0,5.0,Extrovert
850,2.0,No,6.0,5.0,No,8.0,8.0,Extrovert
851,1.0,No,5.0,4.0,No,14.0,3.0,Introvert
853,4.0,Yes,3.0,1.0,Yes,3.0,0.0,Introvert
855,0.0,No,4.0,7.0,No,13.0,6.0,Extrovert
856,2.0,No,9.0,7.0,No,9.0,4.0,Extrovert
858,0.0,No,4.0,6.0,No,8.0,8.0,Extrovert
860,4.0,Yes,2.0,1.0,Yes,3.0,1.0,Introvert
863,4.0,Yes,2.0,2.0,Yes,2.0,1.0,Introvert
867,0.0,No,8.0,7.0,No,11.0,7.0,Extrovert
868,2.0,No,9.0,6.0,No,7.0,3.0,Extrovert
873,4.0,Yes,2.0,2.0,Yes,5.0,0.0,Extrovert
875,3.0,No,5.0,5.0,No,11.0,9.0,Extrovert
876,0.0,No,4.0,4.0,No,14.0,7.0,Extrovert
877,0.0,No,8.0,4.0,No,14.0,5.0,Extrovert
878,3.0,No,5.0,4.0,No,11.0,8.0,Extrovert
879,3.0,No,9.0,3.0,No,11.0,4.0,Extrovert
882,4.0,Yes,0.0,2.0,Yes,0.0,1.0,Extrovert
883,2.0,No,8.0,6.0,No,14.0,3.0,Introvert
884,0.0,No,4.0,6.0,No,11.0,4.0,Extrovert
885,2.0,No,6.0,7.0,No,7.0,8.0,Extrovert
886,4.0,Yes,2.0,0.0,Yes,1.0,1.0,Extrovert
887,1.0,No,7.0,4.0,No,14.0,6.0,Extrovert
889,2.0,No,9.0,5.0,No,7.0,6.0,Extrovert
892,4.0,Yes,3.0,2.0,Yes,2.0,2.0,Extrovert
895,3.0,No,9.0,6.0,No,8.0,4.0,Extrovert
900,0.0,No,5.0,7.0,No,9.0,6.0,Extrovert
903,2.0,No,8.0,6.0,No,11.0,8.0,Extrovert
905,2.0,No,5.0,7.0,No,14.0,7.0,Extrovert
909,4.0,Yes,2.0,1.0,Yes,4.0,2.0,Introvert
910,4.0,Yes,2.0,1.0,Yes,0.0,2.0,Introvert
912,2.0,No,7.0,6.0,No,14.0,8.0,Introvert
914,1.0,No,6.0,6.0,No,10.0,4.0,Extrovert
915,2.0,No,5.0,5.0,No,12.0,3.0,Extrovert
916,4.0,Yes,2.0,2.0,Yes,3.0,1.0,Introvert
919,4.0,Yes,3.0,2.0,Yes,0.0,0.0,Introvert
920,2.0,No,9.0,4.0,No,12.0,6.0,Extrovert
922,3.0,No,6.0,7.0,No,10.0,8.0,Extrovert
923,3.0,No,5.0,6.0,No,11.0,6.0,Extrovert
924,0.0,No,5.0,6.0,No,11.0,8.0,Extrovert
925,1.0,No,7.0,5.0,No,11.0,3.0,Extrovert
926,2.0,No,5.0,6.0,No,9.0,8.0,Introvert
931,2.0,No,7.0,6.0,No,13.0,8.0,Extrovert
932,0.0,No,7.0,7.0,No,13.0,6.0,Introvert
933,4.0,Yes,0.0,1.0,Yes,4.0,1.0,Introvert
934,1.0,No,5.0,7.0,No,12.0,3.0,Extrovert
935,0.0,No,7.0,5.0,No,9.0,4.0,Extrovert
937,1.0,No,4.0,4.0,No,7.0,5.0,Extrovert
938,0.0,No,4.0,4.0,No,8.0,6.0,Extrovert
940,2.0,No,9.0,6.0,No,11.0,5.0,Extrovert
941,2.0,No,9.0,7.0,No,10.0,6.0,Extrovert
945,2.0,No,7.0,5.0,No,14.0,9.0,Extrovert
946,0.0,No,6.0,5.0,No,7.0,5.0,Extrovert
948,4.505816002819881,No,4.0,4.0,No,11.0,3.0,Introvert
950,3.0,No,9.0,5.0,No,9.0,5.0,Introvert
951,2.0,No,4.0,5.0,No,14.0,7.0,Introvert
953,2.0,No,7.0,4.0,No,9.0,4.0,Extrovert
954,0.0,No,7.0,6.0,No,11.0,7.0,Extrovert
955,2.0,No,9.0,5.0,No,12.0,5.0,Extrovert
957,1.0,No,4.0,5.0,No,7.0,7.0,Extrovert
958,2.0,No,4.0,6.0,No,8.0,3.0,Extrovert
964,1.0,No,8.0,6.0,No,12.0,5.0,Extrovert
965,3.0,No,9.0,5.0,No,12.0,7.0,Extrovert
967,1.0,No,9.0,6.0,No,10.0,8.0,Extrovert
968,1.0,No,8.0,5.0,No,12.0,4.0,Extrovert
969,3.0,No,8.0,4.0,No,10.0,4.0,Extrovert
970,1.0,No,8.0,4.0,No,10.0,4.0,Extrovert
972,3.0,No,3.963354474982382,6.0,No,10.0,6.0,Extrovert
973,3.0,No,8.0,5.0,No,9.0,4.0,Extrovert
975,0.0,No,7.0,4.0,No,11.0,4.0,Extrovert
979,1.0,No,5.0,7.0,No,13.0,7.0,Extrovert
981,1.0,No,4.0,6.0,No,6.0,6.0,Extrovert
982,2.0,No,8.0,6.0,No,10.0,6.0,Extrovert
983,4.0,Yes,2.0,0.0,Yes,4.0,0.0,Introvert
984,2.0,No,6.0,4.0,No,8.0,5.0,Introvert
987,3.0,No,6.0,6.0,No,8.0,6.0,Extrovert
990,3.0,No,7.0,4.0,No,13.0,3.0,Extrovert
991,4.0,Yes,1.0,2.0,Yes,1.0,2.0,Introvert
992,4.0,Yes,3.0,1.0,Yes,3.0,1.0,Introvert
993,0.0,No,4.0,4.0,No,12.0,8.0,Extrovert
995,3.0,No,5.0,5.0,No,10.0,9.0,Extrovert
996,3.0,No,7.0,5.0,No,6.0,4.0,Extrovert
999,3.0,No,9.0,7.0,No,10.0,6.0,Extrovert
1001,2.0,No,5.0,7.0,No,12.0,9.0,Extrovert
1002,4.0,Yes,3.0,0.0,Yes,1.0,0.0,Introvert
1003,0.0,No,9.0,4.0,No,13.0,8.0,Introvert
1004,3.0,No,3.963354474982382,6.0,No,12.0,6.0,Extrovert
1005,3.0,No,6.0,7.0,No,11.0,3.564726631393298,Extrovert
1007,0.0,No,5.0,5.0,No,10.0,9.0,Extrovert
1010,0.0,No,8.0,4.0,No,13.0,5.0,Extrovert
1012,2.0,No,7.0,6.0,No,14.0,7.0,Extrovert
1016,0.0,No,5.0,4.0,No,12.0,5.0,Extrovert
1018,4.505816002819881,No,7.0,5.0,No,11.0,6.0,Extrovert
1019,4.0,Yes,1.0,1.0,Yes,0.0,1.0,Introvert
1025,1.0,No,9.0,3.0,No,14.0,7.0,Extrovert
1029,1.0,No,6.0,6.0,No,8.0,3.0,Extrovert
1030,2.0,No,9.0,6.0,No,11.0,7.0,Extrovert
1040,0.0,No,6.0,4.0,No,11.0,7.0,Extrovert
1041,1.0,No,4.0,6.0,No,8.0,7.0,Introvert
1042,2.0,No,5.0,6.0,No,8.0,7.0,Extrovert
1044,0.0,No,5.0,7.0,No,10.0,6.0,Extrovert
1046,0.0,No,4.0,7.0,No,11.0,3.0,Extrovert
1047,1.0,No,9.0,7.0,No,14.0,9.0,Extrovert
1052,0.0,No,9.0,7.0,No,14.0,7.0,Extrovert
1054,1.0,No,6.0,4.0,No,10.0,6.0,Extrovert
1057,3.0,No,8.0,5.0,No,13.0,8.0,Extrovert
1058,4.0,Yes,0.0,1.0,Yes,4.0,1.0,Introvert
1060,3.0,No,4.0,6.0,No,8.0,3.0,Extrovert
1062,0.0,No,5.0,4.0,No,9.0,9.0,Extrovert
1064,0.0,No,4.0,7.0,No,7.0,6.0,Extrovert
1065,1.0,No,6.0,4.0,No,12.0,8.0,Extrovert
1066,0.0,No,4.0,5.0,No,11.0,8.0,Extrovert
1071,1.0,No,6.0,7.0,No,8.0,9.0,Extrovert
1072,0.0,No,8.0,7.0,No,9.0,8.0,Extrovert
1074,1.0,No,7.0,7.0,No,14.0,4.0,Extrovert
1075,3.0,No,5.0,4.0,No,7.0,3.0,Extrovert
1076,3.0,No,9.0,6.0,No,13.0,6.0,Extrovert
1077,0.0,No,5.0,7.0,No,8.0,8.0,Extrovert
1080,2.0,No,7.0,5.0,No,13.0,6.0,Extrovert
1082,4.0,Yes,2.0,2.0,Yes,5.0,1.0,Introvert
1086,3.0,No,4.0,6.0,No,13.0,7.0,Extrovert
1089,3.0,No,6.0,5.0,No,12.0,3.0,Extrovert
1090,2.0,No,8.0,6.0,No,10.0,7.0,Extrovert
1092,1.0,No,6.0,6.0,No,10.0,3.0,Extrovert
1093,2.0,No,4.0,7.0,No,14.0,6.0,Extrovert
1094,1.0,No,5.0,5.0,No,10.0,5.0,Extrovert
1095,0.0,No,7.0,4.0,No,14.0,6.0,Extrovert
1096,1.0,No,5.0,5.0,No,8.0,6.0,Extrovert
1097,4.505816002819881,No,4.0,6.0,No,7.0,9.0,Extrovert
1100,3.0,No,5.0,5.0,No,6.0,7.0,Extrovert
1101,2.0,No,7.0,5.0,No,14.0,5.0,Introvert
1102,2.0,No,5.0,5.0,No,14.0,9.0,Extrovert
1105,4.0,Yes,3.0,0.0,Yes,1.0,1.0,Introvert
1106,2.0,No,7.0,6.0,No,12.0,8.0,Introvert
1107,0.0,No,7.0,7.0,No,6.0,9.0,Extrovert
1109,4.0,Yes,2.0,1.0,Yes,4.0,2.0,Introvert
1110,0.0,No,8.0,4.0,No,9.0,8.0,Extrovert
1111,3.0,No,7.0,4.0,No,12.0,3.0,Extrovert
1112,2.0,No,7.0,4.0,No,7.0,5.0,Extrovert
1113,4.0,Yes,1.0,2.0,Yes,2.0,2.0,Introvert
1120,4.505816002819881,Yes,3.0,0.0,Yes,5.0,2.0,Introvert
1121,0.0,No,6.0,7.0,No,12.0,3.0,Extrovert
1122,3.0,No,6.0,6.0,No,9.0,8.0,Extrovert
1123,3.0,No,9.0,4.0,No,9.0,3.0,Extrovert
1124,1.0,No,4.0,7.0,No,6.0,6.0,Extrovert
1125,0.0,No,9.0,6.0,No,10.0,5.0,Extrovert
1126,0.0,No,6.0,5.0,No,14.0,6.0,Extrovert
1129,0.0,No,9.0,7.0,No,8.0,5.0,Extrovert
1131,0.0,No,8.0,7.0,No,9.0,7.0,Extrovert
1132,2.0,No,7.0,4.0,No,10.0,7.0,Extrovert
1133,4.0,Yes,0.0,0.0,Yes,3.0,2.0,Introvert
1134,0.0,No,5.0,7.0,No,6.0,7.0,Extrovert
1135,2.0,No,7.0,5.0,No,14.0,5.0,Extrovert
1136,4.505816002819881,Yes,3.0,0.0,Yes,5.0,0.0,Introvert
1140,3.0,No,5.0,6.0,No,12.0,3.0,Extrovert
1141,0.0,No,9.0,5.0,No,11.0,3.0,Extrovert
1143,1.0,No,6.0,7.0,No,8.0,6.0,Introvert
1145,0.0,No,6.0,7.0,No,8.0,7.0,Extrovert
1146,3.0,No,4.0,4.0,No,11.0,3.0,Extrovert
1147,1.0,No,4.0,5.0,No,13.0,5.0,Extrovert
1151,3.0,No,8.0,4.0,No,14.0,3.0,Extrovert
1154,1.0,No,6.0,6.0,No,6.0,6.0,Extrovert
1155,2.0,No,7.0,7.0,No,13.0,7.0,Extrovert
1160,1.0,No,5.0,7.0,No,6.0,9.0,Extrovert
1161,3.0,No,5.0,4.0,No,8.0,9.0,Extrovert
1162,3.0,No,7.0,4.0,No,6.0,6.0,Extrovert
1165,1.0,No,6.0,6.0,No,7.0,5.0,Extrovert
1167,3.0,No,9.0,6.0,No,10.0,4.0,Extrovert
1169,0.0,No,4.0,5.0,No,8.0,5.0,Introvert
1170,0.0,No,8.0,6.0,No,10.0,7.0,Extrovert
1173,1.0,No,6.0,5.0,No,9.0,5.0,Extrovert
1174,0.0,No,4.0,4.0,No,11.0,4.0,Extrovert
1176,3.0,No,7.0,6.0,No,14.0,9.0,Extrovert
1177,2.0,No,6.0,7.0,No,14.0,8.0,Extrovert
1180,2.0,No,7.0,6.0,No,7.0,6.0,Extrovert
1182,2.0,No,4.0,4.0,No,11.0,7.0,Extrovert
1185,1.0,No,6.0,6.0,No,9.0,4.0,Introvert
1186,2.0,No,9.0,5.0,No,8.0,4.0,Extrovert
1188,1.0,No,8.0,5.0,No,10.0,4.0,Extrovert
1190,3.0,No,4.0,4.0,No,9.0,3.0,Extrovert
1192,0.0,No,4.0,4.0,No,7.0,7.0,Introvert
1193,1.0,No,8.0,6.0,No,12.0,5.0,Extrovert
1195,1.0,No,4.0,4.0,No,10.0,6.0,Extrovert
1197,3.0,No,8.0,6.0,No,7.0,5.0,Extrovert
1199,3.0,No,5.0,7.0,No,11.0,3.0,Introvert
1202,3.0,No,9.0,6.0,No,10.0,4.0,Extrovert
1203,2.0,No,9.0,4.0,No,11.0,7.0,Extrovert
1205,4.0,Yes,3.0,0.0,Yes,5.0,1.0,Introvert
1208,2.0,No,4.0,5.0,No,13.0,9.0,Extrovert
1213,0.0,No,4.0,4.0,No,6.0,5.0,Extrovert
1214,2.0,No,9.0,6.0,No,10.0,7.0,Extrovert
1216,4.505816002819881,No,9.0,6.0,No,8.0,8.0,Extrovert
1218,0.0,No,6.0,7.0,No,14.0,8.0,Extrovert
1219,2.0,No,6.0,6.0,No,7.0,4.0,Extrovert
1220,0.0,No,9.0,6.0,No,8.0,3.0,Extrovert
1222,0.0,No,8.0,7.0,No,13.0,7.0,Extrovert
1223,3.0,No,4.0,6.0,No,6.0,6.0,Extrovert
1224,2.0,No,5.0,6.0,No,13.0,9.0,Extrovert
1225,4.0,Yes,1.0,1.0,Yes,5.0,1.0,Introvert
1228,0.0,No,8.0,6.0,No,11.0,4.0,Extrovert
1229,3.0,No,4.0,6.0,No,7.0,4.0,Extrovert
1230,3.0,No,9.0,7.0,No,7.0,4.0,Extrovert
1234,0.0,No,4.0,4.0,No,14.0,8.0,Extrovert
1236,2.0,No,4.0,4.0,No,11.0,9.0,Extrovert
1237,4.0,Yes,2.0,2.0,Yes,5.0,1.0,Introvert
1239,1.0,No,5.0,7.0,No,9.0,7.0,Extrovert
1241,3.0,No,8.0,6.0,No,12.0,4.0,Extrovert
1242,3.0,No,9.0,5.0,No,7.0,4.0,Extrovert
1243,2.0,No,6.0,4.0,No,6.0,9.0,Extrovert
1244,0.0,No,4.0,5.0,No,7.0,8.0,Introvert
1245,1.0,No,4.0,6.0,No,13.0,4.0,Extrovert
1248,2.0,No,6.0,4.0,No,7.0,6.0,Extrovert
1249,3.0,No,3.963354474982382,5.0,No,8.0,7.0,Extrovert
1250,2.0,No,4.0,5.0,No,13.0,6.0,Extrovert
1253,0.0,No,5.0,6.0,No,12.0,7.0,Extrovert
1254,0.0,No,6.0,4.0,No,10.0,3.0,Extrovert
1255,3.0,No,7.0,6.0,No,6.0,6.0,Extrovert
1256,2.0,No,4.0,5.0,No,14.0,7.0,Extrovert
1259,3.0,No,4.0,6.0,No,7.0,8.0,Extrovert
1260,2.0,No,7.0,4.0,No,12.0,3.0,Extrovert
1262,1.0,No,4.0,4.0,No,11.0,5.0,Extrovert
1263,1.0,No,9.0,4.0,No,9.0,7.0,Extrovert
1265,3.0,No,7.0,5.0,No,8.0,6.0,Extrovert
1269,4.505816002819881,Yes,1.0,0.0,Yes,3.0,2.0,Extrovert
1270,0.0,No,5.0,5.0,No,10.0,8.0,Extrovert
1271,3.0,No,5.0,5.0,No,6.0,6.0,Extrovert
1274,3.0,No,8.0,6.0,No,14.0,6.0,Extrovert
1275,1.0,No,7.0,5.0,No,11.0,3.0,Extrovert
1277,3.0,No,6.0,5.0,No,10.0,4.0,Extrovert
1280,4.0,Yes,2.0,1.0,No,3.0,0.0,Introvert
1283,3.0,No,6.0,7.0,No,6.0,9.0,Extrovert
1284,0.0,No,8.0,5.0,No,9.0,5.0,Extrovert
1285,0.0,No,4.0,4.0,No,7.0,4.0,Extrovert
1289,3.0,No,7.0,5.0,No,14.0,3.0,Extrovert
1290,2.0,No,5.0,7.0,No,12.0,4.0,Extrovert
1291,4.0,Yes,1.0,0.0,Yes,1.0,2.0,Introvert
1293,3.0,No,7.0,6.0,No,6.0,3.0,Extrovert
1298,1.0,No,6.0,5.0,No,10.0,8.0,Extrovert
1299,0.0,No,9.0,5.0,No,11.0,8.0,Extrovert
1300,1.0,No,9.0,5.0,No,8.0,8.0,Extrovert
1302,0.0,No,6.0,4.0,No,7.0,5.0,Extrovert
1303,2.0,No,7.0,7.0,No,11.0,3.0,Extrovert
1305,1.0,No,9.0,4.0,No,10.0,3.0,Extrovert
1306,1.0,No,6.0,6.0,No,12.0,8.0,Introvert
1307,1.0,No,5.0,5.0,No,11.0,6.0,Extrovert
1309,1.0,No,4.0,6.0,No,10.0,4.0,Extrovert
1311,3.0,No,7.0,6.0,No,6.0,5.0,Extrovert
1313,1.0,No,8.0,5.0,No,14.0,7.0,Extrovert
1314,1.0,No,7.0,4.0,No,10.0,4.0,Extrovert
1316,0.0,No,6.0,4.0,No,8.0,6.0,Extrovert
1317,0.0,No,8.0,5.0,No,9.0,3.0,Extrovert
1318,1.0,No,6.0,5.0,No,8.0,3.0,Extrovert
1319,3.0,No,4.0,4.0,No,12.0,3.0,Extrovert
1320,2.0,No,7.0,7.0,No,10.0,8.0,Extrovert
1321,2.0,No,3.963354474982382,4.0,No,12.0,5.0,Introvert
1322,1.0,No,9.0,4.0,No,7.0,7.0,Extrovert
1323,3.0,No,8.0,7.0,No,10.0,3.564726631393298,Extrovert
1324,1.0,No,7.0,4.0,No,7.0,3.0,Extrovert
1327,0.0,No,5.0,4.0,No,6.0,8.0,Extrovert
1328,1.0,No,8.0,4.0,No,9.0,7.0,Extrovert
1331,3.0,No,5.0,7.0,No,10.0,7.0,Extrovert
1335,0.0,No,6.0,7.0,No,8.0,7.0,Extrovert
1336,4.0,Yes,2.0,2.0,Yes,2.0,2.0,Introvert
1337,0.0,No,7.0,5.0,No,13.0,4.0,Extrovert
1338,3.0,No,6.0,5.0,No,14.0,3.0,Extrovert
1340,2.0,No,9.0,4.0,No,14.0,3.0,Extrovert
1342,0.0,No,5.0,7.0,No,12.0,9.0,Extrovert
1343,1.0,No,8.0,4.0,No,9.0,5.0,Extrovert
1346,0.0,No,5.0,5.0,No,10.0,3.0,Extrovert
1348,1.0,No,6.0,6.0,No,11.0,6.0,Extrovert
1349,2.0,No,9.0,4.0,No,11.0,7.0,Extrovert
1350,3.0,No,4.0,7.0,No,12.0,9.0,Extrovert
1351,1.0,No,5.0,7.0,No,7.0,9.0,Extrovert
1352,1.0,No,4.0,4.0,No,11.0,3.0,Extrovert
1353,0.0,No,7.0,7.0,No,9.0,9.0,Extrovert
1354,4.0,Yes,2.0,0.0,Yes,4.0,1.0,Introvert
1355,0.0,No,4.0,3.0,No,14.0,5.0,Extrovert
1359,0.0,No,4.0,5.0,No,14.0,7.0,Extrovert
1360,0.0,No,8.0,5.0,No,11.0,6.0,Extrovert
1361,3.0,No,8.0,6.0,No,6.0,9.0,Extrovert
1362,0.0,No,7.0,7.0,No,6.268862911795962,3.0,Extrovert
1363,0.0,No,6.0,5.0,No,9.0,6.0,Extrovert
1367,0.0,No,6.0,5.0,No,14.0,3.0,Extrovert
1368,0.0,No,6.0,4.0,No,6.0,7.0,Extrovert
1369,2.0,No,9.0,7.0,No,8.0,5.0,Extrovert
1371,4.0,Yes,3.0,2.0,Yes,3.0,2.0,Introvert
1372,1.0,No,9.0,6.0,No,14.0,7.0,Extrovert
1373,3.0,No,9.0,7.0,No,12.0,5.0,Introvert
1377,1.0,No,4.0,4.0,No,14.0,6.0,Extrovert
1381,2.0,No,7.0,4.0,No,9.0,8.0,Extrovert
1384,3.0,No,5.0,6.0,No,14.0,3.0,Extrovert
1385,3.0,No,5.0,5.0,No,6.0,4.0,Extrovert
1386,1.0,No,5.0,4.0,No,14.0,7.0,Extrovert
1388,0.0,No,7.0,6.0,No,8.0,4.0,Extrovert
1392,4.0,Yes,1.0,2.0,Yes,3.0,2.0,Introvert
1394,1.0,No,6.0,5.0,No,14.0,3.0,Extrovert
1398,2.0,No,6.0,5.0,No,8.0,7.0,Extrovert
1399,2.0,No,9.0,7.0,No,7.0,8.0,Extrovert
1401,0.0,No,5.0,3.0,No,9.0,4.0,Extrovert
1402,3.0,No,8.0,5.0,No,8.0,9.0,Extrovert
1403,2.0,No,9.0,4.0,No,6.0,6.0,Extrovert
1404,2.0,No,9.0,5.0,No,13.0,7.0,Introvert
1406,4.0,Yes,3.0,2.0,Yes,3.0,2.0,Introvert
1408,1.0,No,9.0,3.0,No,8.0,7.0,Extrovert
1409,3.0,No,9.0,5.0,No,7.0,4.0,Extrovert
1411,0.0,No,7.0,4.0,No,13.0,8.0,Extrovert
1412,2.0,No,7.0,4.0,No,11.0,7.0,Extrovert
1417,1.0,No,4.0,5.0,No,14.0,4.0,Extrovert
1418,4.0,Yes,0.0,1.0,Yes,1.0,1.0,Introvert
1420,1.0,No,4.0,4.0,No,7.0,6.0,Extrovert
1423,4.0,Yes,2.0,0.0,Yes,1.0,1.0,Introvert
1425,3.0,No,6.0,4.0,No,13.0,8.0,Extrovert
1427,3.0,No,6.0,5.0,No,9.0,4.0,Extrovert
1428,2.0,No,5.0,4.0,No,11.0,3.0,Extrovert
1429,4.0,Yes,2.0,2.0,Yes,4.0,1.0,Introvert
1430,2.0,No,7.0,4.0,No,10.0,4.0,Extrovert
1432,4.0,Yes,3.0,2.0,Yes,1.0,0.0,Introvert
1434,0.0,No,4.0,6.0,No,6.0,6.0,Extrovert
1438,3.0,No,5.0,4.0,No,5.0,5.0,Extrovert
1439,2.0,No,8.0,7.0,No,14.0,7.0,Introvert
1441,2.0,No,4.0,5.0,No,14.0,8.0,Extrovert
1443,3.0,No,7.0,6.0,No,8.0,5.0,Extrovert
1445,3.0,No,9.0,3.0,No,8.0,6.0,Extrovert
1446,4.0,Yes,0.0,1.0,Yes,5.0,3.564726631393298,Introvert
1447,1.0,No,5.0,6.0,No,11.0,3.0,Extrovert
1448,0.0,No,7.0,4.0,No,8.0,4.0,Extrovert
1450,1.0,No,4.0,3.0,No,6.0,5.0,Extrovert
1451,0.0,No,4.0,3.0,No,15.0,5.0,Extrovert
1452,3.0,No,9.0,5.0,No,14.0,6.0,Extrovert
1453,1.0,No,9.0,5.0,No,10.0,5.0,Extrovert
1454,2.0,No,9.0,6.0,No,9.0,6.0,Extrovert
1455,1.0,No,7.0,5.0,No,6.268862911795962,4.0,Extrovert
1462,1.0,No,4.0,4.0,No,10.0,3.564726631393298,Extrovert
1465,3.0,No,8.0,4.0,No,8.0,3.0,Extrovert
1467,2.0,No,9.0,6.0,No,6.0,7.0,Extrovert
1469,1.0,No,5.0,6.0,No,11.0,5.0,Extrovert
1470,2.0,No,6.0,3.0,No,7.0,4.0,Extrovert
1473,2.0,No,4.0,5.0,No,9.0,3.0,Extrovert
1474,3.0,No,9.0,4.0,No,7.0,3.564726631393298,Extrovert
1475,3.0,No,7.0,3.0,No,8.0,6.0,Extrovert
1476,2.0,No,4.0,3.0,No,11.0,6.0,Extrovert
1478,4.505816002819881,Yes,3.0,2.0,Yes,5.0,2.0,Introvert
1480,1.0,No,8.0,4.0,No,11.0,4.0,Extrovert
1481,1.0,No,6.0,3.0,No,10.0,8.0,Extrovert
1486,3.0,No,6.0,5.0,No,9.0,6.0,Extrovert
1487,3.0,No,8.0,4.0,No,8.0,4.0,Extrovert
1488,3.0,No,7.0,4.0,No,12.0,5.0,Extrovert
1489,0.0,No,8.0,6.0,No,10.0,4.0,Extrovert
1491,3.0,No,4.0,6.0,No,13.0,3.0,Extrovert
1492,0.0,No,5.0,6.0,No,5.0,4.0,Extrovert
1493,1.0,No,5.0,6.0,No,12.0,7.0,Extrovert
1494,3.0,No,6.0,5.0,No,6.0,5.0,Extrovert
1495,1.0,No,4.0,5.0,No,6.268862911795962,6.0,Extrovert
1496,2.0,No,8.0,5.0,No,9.0,6.0,Extrovert
1497,2.0,No,9.0,5.0,No,10.0,9.0,Introvert
1501,3.0,No,6.0,5.0,No,7.0,6.0,Extrovert
1502,4.505816002819881,Yes,2.0,1.0,Yes,5.0,0.0,Introvert
1503,1.0,No,9.0,6.0,No,12.0,4.0,Extrovert
1504,1.0,No,7.0,3.0,No,12.0,3.0,Extrovert
1505,4.0,Yes,1.0,2.0,Yes,2.0,2.0,Introvert
1506,4.0,Yes,3.0,1.0,Yes,4.0,1.0,Introvert
1507,0.0,No,4.0,3.0,No,14.0,9.0,Extrovert
1512,2.0,No,4.0,3.0,No,6.268862911795962,5.0,Extrovert
1513,1.0,No,7.0,4.0,No,13.0,4.0,Extrovert
1514,4.505816002819881,No,7.0,4.0,No,8.0,7.0,Extrovert
1515,3.0,No,6.0,4.0,No,5.0,7.0,Extrovert
1516,2.0,No,5.0,6.0,No,11.0,9.0,Extrovert
1517,4.0,No,3.0,0.0,No,2.0,0.0,Introvert
1518,0.0,No,9.0,3.0,No,12.0,8.0,Extrovert
1519,3.0,No,9.0,5.0,No,11.0,6.0,Extrovert
1520,3.0,No,6.0,6.0,No,10.0,8.0,Extrovert
1521,2.0,No,4.0,4.0,No,6.0,4.0,Extrovert
1527,2.0,No,5.0,3.0,No,12.0,3.0,Extrovert
1534,0.0,No,7.0,5.0,No,7.0,9.0,Extrovert
1536,3.0,No,8.0,3.0,No,8.0,3.564726631393298,Extrovert
1537,3.0,No,9.0,5.0,No,14.0,7.0,Extrovert
1539,1.0,No,9.0,6.0,No,13.0,7.0,Extrovert
1540,3.0,No,4.0,5.0,No,11.0,3.564726631393298,Extrovert
1542,2.0,No,7.0,6.0,No,12.0,8.0,Extrovert
1546,1.0,No,9.0,3.0,No,8.0,5.0,Extrovert
1547,3.0,No,8.0,6.0,No,11.0,3.0,Extrovert
1550,3.0,No,9.0,3.0,No,5.0,3.0,Extrovert
1552,1.0,No,8.0,7.0,No,14.0,6.0,Introvert
1553,2.0,No,4.0,4.0,No,9.0,3.0,Extrovert
1554,4.505816002819881,No,8.0,4.0,No,6.0,5.0,Extrovert
1556,0.0,No,6.0,3.0,No,7.0,7.0,Extrovert
1557,4.505816002819881,No,3.963354474982382,5.0,No,14.0,5.0,Extrovert
1559,0.0,No,5.0,6.0,No,9.0,6.0,Extrovert
1562,1.0,No,9.0,6.0,No,13.0,9.0,Extrovert
1563,3.0,No,4.0,6.0,No,9.0,8.0,Extrovert
1565,2.0,No,7.0,4.0,No,12.0,4.0,Extrovert
1569,0.0,No,7.0,4.0,No,5.0,5.0,Extrovert
1570,2.0,No,9.0,5.0,No,6.0,5.0,Extrovert
1572,1.0,No,7.0,6.0,No,13.0,7.0,Extrovert
1574,2.0,No,5.0,3.0,No,12.0,3.0,Extrovert
1576,4.505816002819881,No,4.0,3.0,No,6.0,7.0,Extrovert
1578,1.0,No,4.0,3.0,No,12.0,7.0,Extrovert
1581,2.0,No,8.0,6.0,No,14.0,9.0,Introvert
1582,1.0,No,8.0,3.0,No,6.0,8.0,Extrovert
1583,3.0,No,4.0,4.0,No,14.0,4.0,Extrovert
1585,1.0,No,7.0,6.0,No,6.268862911795962,8.0,Extrovert
1586,3.0,No,6.0,4.0,No,7.0,5.0,Extrovert
1587,2.0,No,4.0,6.0,No,11.0,7.0,Extrovert
1588,3.0,No,5.0,5.0,No,8.0,8.0,Extrovert
1591,0.0,No,5.0,6.0,No,14.0,3.0,Extrovert
1592,2.0,No,5.0,3.0,No,12.0,8.0,Extrovert
1593,2.0,No,7.0,3.0,No,14.0,6.0,Extrovert
1595,4.0,Yes,2.0,1.0,Yes,3.0,2.0,Introvert
1597,1.0,No,7.0,6.0,No,13.0,6.0,Extrovert
1598,0.0,No,8.0,6.0,No,11.0,3.0,Extrovert
1600,3.0,No,7.0,4.0,No,6.0,9.0,Extrovert
1603,2.0,No,8.0,6.0,No,15.0,7.0,Extrovert
1604,3.0,No,9.0,4.0,No,10.0,5.0,Extrovert
1607,0.0,No,5.0,6.0,No,10.0,4.0,Extrovert
1609,4.505816002819881,Yes,2.0,0.0,Yes,4.0,0.0,Introvert
1610,3.0,No,5.0,4.0,No,9.0,5.0,Extrovert
1611,0.0,No,7.0,3.0,No,13.0,6.0,Extrovert
1612,1.0,No,5.0,4.0,No,7.0,6.0,Extrovert
1613,4.505816002819881,No,0.0,2.0,Yes,6.268862911795962,2.0,Introvert
1614,3.0,No,7.0,3.0,No,9.0,4.0,Extrovert
1617,2.0,No,7.0,4.0,No,13.0,5.0,Extrovert
1618,2.0,No,3.963354474982382,4.0,No,15.0,3.0,Extrovert
1620,2.0,No,9.0,5.0,No,6.268862911795962,5.0,Extrovert
1621,0.0,No,7.0,3.0,No,6.0,3.564726631393298,Extrovert
1624,4.0,Yes,2.0,1.0,Yes,5.0,2.0,Introvert
1625,4.0,Yes,0.0,0.0,Yes,6.268862911795962,3.564726631393298,Introvert
1626,3.0,No,7.0,3.0,No,11.0,3.0,Extrovert
1627,4.505816002819881,Yes,3.0,0.0,Yes,2.0,3.564726631393298,Introvert
1628,0.0,No,9.0,5.0,No,15.0,9.0,Extrovert
1629,2.0,No,6.0,4.0,No,6.268862911795962,8.0,Extrovert
1630,1.0,No,9.0,6.0,No,9.0,8.0,Extrovert
1631,4.505816002819881,No,6.0,3.0,No,15.0,6.0,Extrovert
1632,0.0,No,3.963354474982382,6.0,No,12.0,8.0,Extrovert
1633,4.505816002819881,No,9.0,5.0,No,10.0,3.0,Extrovert
1635,2.0,No,4.0,6.0,No,8.0,7.0,Extrovert
1638,2.0,No,7.0,4.0,No,12.0,8.0,Extrovert
1641,2.0,No,4.0,5.0,No,13.0,6.0,Extrovert
1642,2.0,No,7.0,6.0,No,12.0,4.0,Extrovert
1643,4.0,Yes,0.0,3.0,Yes,1.0,2.0,Introvert
1645,3.0,No,6.0,5.0,No,6.0,7.0,Extrovert
1647,2.0,No,7.0,3.0,No,9.0,7.0,Extrovert
1648,0.0,No,8.0,3.0,No,8.0,5.0,Extrovert
1652,3.0,No,8.0,4.0,No,12.0,7.0,Extrovert
1656,1.0,No,5.0,5.0,No,11.0,3.0,Extrovert
1657,0.0,No,9.0,4.0,No,10.0,3.0,Extrovert
1658,1.0,No,4.0,3.0,No,10.0,4.0,Extrovert
1660,4.505816002819881,No,4.0,3.0,No,5.0,5.0,Extrovert
1663,0.0,No,9.0,6.0,No,15.0,6.0,Extrovert
1664,3.0,No,4.0,4.0,No,11.0,7.0,Extrovert
1665,0.0,No,4.0,6.0,No,14.0,5.0,Extrovert
1666,1.0,No,9.0,3.0,No,6.268862911795962,7.0,Extrovert
1667,0.0,No,4.0,3.0,No,12.0,7.0,Extrovert
1670,0.0,No,9.0,3.0,No,5.0,6.0,Extrovert
1671,2.0,No,7.0,6.0,No,12.0,7.0,Extrovert
1672,4.505816002819881,No,8.0,6.0,No,5.0,7.0,Extrovert
1673,1.0,No,7.0,3.0,No,9.0,3.0,Extrovert
1674,2.0,No,9.0,5.0,No,11.0,3.0,Extrovert
1675,2.0,No,7.0,4.0,No,6.0,4.0,Extrovert
1676,3.0,No,9.0,3.0,No,8.0,4.0,Extrovert
1677,0.0,No,6.0,5.0,No,12.0,6.0,Extrovert
1678,0.0,No,4.0,6.0,No,14.0,5.0,Extrovert
1679,2.0,No,4.0,5.0,No,6.268862911795962,9.0,Extrovert
1680,0.0,No,4.0,4.0,No,6.0,5.0,Extrovert
1684,0.0,No,9.0,5.0,No,12.0,4.0,Extrovert
1685,4.0,Yes,0.0,1.0,Yes,4.0,3.564726631393298,Introvert
1687,1.0,No,8.0,3.0,No,5.0,9.0,Extrovert
1689,3.0,No,8.0,4.0,No,15.0,4.0,Extrovert
1692,3.0,No,6.0,5.0,No,13.0,9.0,Extrovert
1694,4.0,Yes,1.0,0.0,Yes,2.0,0.0,Introvert
1695,2.0,No,7.0,3.0,No,12.0,3.0,Extrovert
1696,0.0,No,7.0,5.0,No,14.0,6.0,Extrovert
1698,2.0,No,6.0,4.0,No,15.0,3.0,Extrovert
1699,4.0,Yes,1.0,0.0,Yes,2.0,1.0,Introvert
1700,4.0,Yes,2.0,0.0,Yes,5.0,1.0,Introvert
1701,0.0,No,9.0,6.0,No,12.0,5.0,Extrovert
1702,2.0,No,6.0,3.0,No,6.268862911795962,4.0,Extrovert
1703,2.0,No,9.0,4.0,No,15.0,5.0,Extrovert
1705,0.0,No,8.0,4.0,No,14.0,7.0,Extrovert
1706,1.0,No,8.0,3.0,No,14.0,6.0,Extrovert
1708,3.0,No,4.0,3.0,No,15.0,9.0,Extrovert
1713,3.0,No,8.0,5.0,No,14.0,3.0,Extrovert
1714,4.505816002819881,No,9.0,5.0,No,9.0,6.0,Extrovert
1715,2.0,No,7.0,5.0,No,5.0,6.0,Extrovert
1717,0.0,No,6.0,7.0,No,13.0,9.0,Introvert
1720,0.0,No,8.0,6.0,No,9.0,3.0,Extrovert
1722,3.0,No,6.0,3.0,No,6.0,5.0,Extrovert
1724,0.0,No,9.0,5.0,No,11.0,6.0,Extrovert
1725,0.0,No,4.0,6.0,No,8.0,3.0,Extrovert
1726,1.0,No,5.0,6.0,No,10.0,3.0,Extrovert
1727,2.0,No,6.0,4.0,No,8.0,8.0,Extrovert
1731,2.0,No,8.0,4.0,No,15.0,4.0,Extrovert
1734,4.0,Yes,3.963354474982382,0.0,Yes,1.0,2.0,Introvert
1736,0.0,No,9.0,3.0,No,11.0,4.0,Extrovert
1737,3.0,No,9.0,3.0,No,6.268862911795962,5.0,Extrovert
1738,2.0,No,9.0,4.0,No,6.268862911795962,8.0,Extrovert
1740,3.0,No,9.0,3.0,No,7.0,5.0,Extrovert
1741,1.0,No,5.0,3.0,No,12.0,9.0,Extrovert
1745,2.0,No,4.0,6.0,No,7.0,4.0,Extrovert
1746,2.0,No,4.0,4.0,No,8.0,8.0,Extrovert
1747,1.0,No,8.0,6.0,No,12.0,8.0,Introvert
1749,0.0,No,8.0,5.0,No,15.0,8.0,Extrovert
1750,3.0,No,5.0,6.0,No,5.0,9.0,Extrovert
1751,1.0,No,5.0,6.0,No,10.0,6.0,Extrovert
1752,1.0,No,5.0,4.0,No,12.0,9.0,Extrovert
1755,0.0,No,8.0,5.0,No,5.0,3.0,Extrovert
1756,4.0,Yes,1.0,0.0,Yes,5.0,0.0,Introvert
1758,1.0,No,4.0,5.0,No,11.0,8.0,Extrovert
1761,3.0,No,8.0,6.0,No,10.0,8.0,Extrovert
1763,3.0,No,5.0,6.0,No,11.0,9.0,Extrovert
1764,1.0,No,5.0,4.0,No,12.0,4.0,Extrovert
1766,2.0,No,4.0,5.0,No,5.0,4.0,Extrovert
1767,0.0,No,5.0,4.0,No,10.0,8.0,Extrovert
1768,0.0,No,8.0,7.0,No,11.0,7.0,Introvert
1770,4.0,Yes,3.963354474982382,2.0,Yes,3.0,0.0,Introvert
1773,0.0,No,4.0,4.0,No,11.0,4.0,Extrovert
1776,2.0,No,8.0,3.0,No,5.0,6.0,Extrovert
1781,2.0,No,5.0,6.0,No,7.0,6.0,Extrovert
1782,0.0,No,7.0,5.0,No,13.0,7.0,Extrovert
1783,1.0,No,8.0,3.0,No,8.0,9.0,Extrovert
1784,1.0,No,4.0,3.0,No,10.0,5.0,Extrovert
1785,1.0,No,9.0,3.0,No,8.0,7.0,Extrovert
1788,2.0,No,7.0,4.0,No,9.0,6.0,Extrovert
1789,3.0,No,9.0,4.0,No,5.0,6.0,Extrovert
1791,4.505816002819881,Yes,0.0,1.0,Yes,2.0,0.0,Introvert
1793,4.505816002819881,No,8.0,4.0,No,12.0,4.0,Extrovert
1795,0.0,No,6.0,5.0,No,10.0,3.564726631393298,Extrovert
1796,3.0,No,9.0,6.0,No,12.0,7.0,Extrovert
1798,1.0,No,4.0,6.0,No,11.0,6.0,Extrovert
1799,3.0,No,4.0,6.0,No,14.0,6.0,Extrovert
1801,2.0,No,9.0,3.0,No,6.0,7.0,Extrovert
1802,1.0,No,8.0,3.0,No,5.0,9.0,Extrovert
1803,4.505816002819881,No,7.0,3.0,No,15.0,7.0,Extrovert
1808,3.0,No,8.0,5.0,No,11.0,6.0,Extrovert
1811,3.0,No,7.0,4.0,No,13.0,3.0,Extrovert
1812,2.0,No,5.0,6.0,No,11.0,4.0,Extrovert
1813,0.0,No,5.0,3.0,No,14.0,5.0,Extrovert
1814,0.0,No,3.963354474982382,5.0,No,9.0,6.0,Extrovert
1816,4.0,Yes,2.0,1.0,Yes,4.0,0.0,Introvert
1818,0.0,No,5.0,3.0,No,8.0,6.0,Extrovert
1819,0.0,No,6.0,6.0,No,10.0,3.0,Extrovert
1820,1.0,No,3.963354474982382,5.0,No,6.0,9.0,Extrovert
1821,3.0,No,8.0,4.0,No,9.0,8.0,Extrovert
1823,1.0,No,9.0,3.0,No,7.0,8.0,Extrovert
1825,0.0,No,6.0,3.0,No,6.0,5.0,Extrovert
1827,3.0,No,6.0,4.0,No,6.268862911795962,6.0,Extrovert
1831,0.0,No,5.0,3.0,No,15.0,5.0,Extrovert
1832,0.0,No,5.0,4.0,No,11.0,3.564726631393298,Extrovert
1835,3.0,No,5.0,4.0,No,10.0,6.0,Extrovert
1836,4.0,Yes,0.0,1.0,No,6.268862911795962,0.0,Introvert
1837,3.0,No,7.0,4.0,No,15.0,7.0,Extrovert
1838,3.0,No,5.0,6.0,No,12.0,3.564726631393298,Extrovert
1839,2.0,No,8.0,6.0,No,10.0,9.0,Introvert
1840,4.0,Yes,0.0,2.0,Yes,4.0,0.0,Introvert
1841,0.0,No,5.0,6.0,No,13.0,8.0,Extrovert
1843,4.505816002819881,Yes,3.0,0.0,Yes,5.0,2.0,Introvert
1844,0.0,No,6.0,6.0,No,8.0,7.0,Extrovert
1845,1.0,No,6.0,5.0,No,6.268862911795962,9.0,Extrovert
1846,2.0,No,5.0,4.0,No,5.0,4.0,Extrovert
1847,0.0,No,7.0,3.0,No,8.0,7.0,Extrovert
1850,1.0,No,6.0,5.0,No,13.0,3.0,Extrovert
1851,0.0,No,5.0,3.0,No,5.0,8.0,Extrovert
1853,3.0,No,8.0,6.0,No,15.0,5.0,Extrovert
1855,0.0,No,7.0,5.0,No,11.0,9.0,Extrovert
1859,0.0,No,7.0,7.0,No,14.0,8.0,Introvert
1860,2.0,No,9.0,5.0,No,14.0,7.0,Introvert
1861,0.0,No,6.0,5.0,No,12.0,5.0,Extrovert
1862,3.0,No,8.0,6.0,No,6.0,7.0,Extrovert
1863,3.0,No,5.0,6.0,No,7.0,4.0,Extrovert
1864,0.0,No,4.0,5.0,No,9.0,6.0,Extrovert
1866,4.0,Yes,0.0,0.0,Yes,1.0,1.0,Introvert
1867,1.0,No,8.0,3.0,No,14.0,9.0,Extrovert
1869,3.0,No,6.0,4.0,No,8.0,6.0,Extrovert
1871,0.0,No,8.0,3.0,No,11.0,4.0,Extrovert
1873,3.0,No,6.0,5.0,No,13.0,8.0,Extrovert
1874,3.0,No,6.0,5.0,No,10.0,6.0,Extrovert
1875,2.0,No,9.0,3.0,No,10.0,3.564726631393298,Extrovert
1877,3.0,No,6.0,4.0,No,13.0,3.0,Extrovert
1878,2.0,No,5.0,4.0,No,13.0,3.0,Extrovert
1879,3.0,No,7.0,5.0,No,13.0,5.0,Extrovert
1880,0.0,No,8.0,4.0,No,5.0,3.0,Extrovert
1881,2.0,No,4.0,5.0,No,8.0,3.0,Extrovert
1882,4.0,Yes,2.0,1.0,Yes,3.0,1.0,Introvert
1888,1.0,No,7.0,6.0,No,6.268862911795962,4.0,Extrovert
1891,1.0,No,8.0,5.0,No,8.0,5.0,Extrovert
1892,2.0,No,6.0,7.0,No,9.0,5.0,Introvert
1893,4.0,Yes,3.0,2.0,Yes,5.0,0.0,Introvert
1896,0.0,No,7.0,5.0,No,8.0,6.0,Extrovert
1897,0.0,No,9.0,6.0,No,9.0,9.0,Introvert
1898,0.0,No,9.0,6.0,No,11.0,5.0,Extrovert
1899,1.0,No,6.0,5.0,No,6.0,6.0,Extrovert
1900,3.0,No,7.0,3.0,No,5.0,6.0,Extrovert
1901,1.0,No,3.963354474982382,5.0,No,9.0,5.0,Extrovert
1902,4.505816002819881,Yes,0.0,1.0,Yes,1.0,0.0,Introvert
1903,0.0,No,7.0,4.0,No,9.0,8.0,Extrovert
1904,3.0,No,6.0,3.0,No,6.0,3.0,Extrovert
1906,1.0,No,7.0,3.0,No,8.0,8.0,Extrovert
1907,2.0,No,9.0,5.0,No,7.0,8.0,Extrovert
1908,0.0,No,7.0,3.0,No,12.0,4.0,Extrovert
1909,2.0,No,5.0,3.0,No,13.0,4.0,Extrovert
1910,1.0,No,8.0,4.0,No,5.0,4.0,Extrovert
1912,0.0,No,8.0,4.0,No,14.0,6.0,Extrovert
1913,0.0,No,4.0,5.0,No,5.0,6.0,Extrovert
1915,4.0,No,2.0,1.0,Yes,4.0,1.0,Introvert
1916,2.0,No,7.0,5.0,No,14.0,7.0,Introvert
1918,2.0,No,4.0,4.0,No,8.0,6.0,Extrovert
1920,0.0,No,3.963354474982382,4.0,No,7.0,8.0,Extrovert
1922,3.0,No,9.0,3.0,No,15.0,6.0,Extrovert
1924,2.0,No,5.0,3.0,No,14.0,7.0,Extrovert
1927,4.505816002819881,Yes,0.0,0.0,Yes,4.0,0.0,Introvert
1928,4.0,Yes,0.0,2.0,Yes,1.0,0.0,Introvert
1929,3.0,No,6.0,3.0,No,14.0,6.0,Extrovert
1930,0.0,No,8.0,4.0,No,14.0,8.0,Extrovert
1931,3.0,No,9.0,3.0,No,14.0,4.0,Extrovert
1932,2.0,No,9.0,4.0,No,7.0,6.0,Extrovert
1933,2.0,No,8.0,5.0,No,13.0,6.0,Extrovert
1934,2.0,No,7.0,3.0,No,15.0,3.0,Extrovert
1935,2.0,No,5.0,5.0,No,12.0,6.0,Extrovert
1936,0.0,No,6.0,3.0,No,13.0,4.0,Extrovert
1941,2.0,No,5.0,4.0,No,11.0,4.0,Extrovert
1943,2.0,No,8.0,6.0,No,7.0,4.0,Extrovert
1944,1.0,No,4.0,5.0,No,12.0,5.0,Extrovert
1946,4.0,Yes,0.0,1.0,Yes,3.0,0.0,Introvert
1947,2.0,No,4.0,6.0,No,5.0,8.0,Extrovert
1948,0.0,No,4.0,4.0,No,12.0,5.0,Extrovert
1949,0.0,No,5.0,3.0,No,14.0,5.0,Extrovert
1950,2.0,No,7.0,4.0,No,14.0,6.0,Extrovert
1952,3.0,No,5.0,4.0,No,10.0,5.0,Extrovert
1953,1.0,No,4.0,3.0,No,8.0,8.0,Extrovert
1954,3.0,No,8.0,5.0,No,10.0,3.564726631393298,Extrovert
1958,1.0,No,7.0,3.0,No,6.0,9.0,Extrovert
1959,2.0,No,8.0,5.0,No,8.0,5.0,Extrovert
1960,2.0,No,7.0,3.0,No,6.268862911795962,6.0,Extrovert
1962,4.0,Yes,0.0,0.0,Yes,2.0,0.0,Introvert
1965,3.0,No,4.0,3.0,No,9.0,7.0,Extrovert
1966,0.0,No,7.0,7.0,No,12.0,5.0,Introvert
1968,2.0,No,4.0,6.0,No,11.0,5.0,Extrovert
1970,2.0,No,8.0,5.0,No,8.0,9.0,Extrovert
1971,3.0,No,8.0,3.0,No,11.0,7.0,Extrovert
1973,1.0,No,9.0,4.0,No,5.0,8.0,Extrovert
1974,0.0,No,9.0,5.0,No,14.0,5.0,Extrovert
1977,1.0,No,9.0,5.0,No,7.0,8.0,Extrovert
1978,2.0,No,9.0,6.0,No,12.0,5.0,Extrovert
1980,4.0,Yes,2.0,2.0,Yes,2.0,2.0,Introvert
1981,1.0,No,4.0,3.0,No,6.0,4.0,Extrovert
1982,2.0,No,8.0,4.0,No,5.0,4.0,Extrovert
1984,0.0,No,8.0,3.0,No,11.0,4.0,Extrovert
1985,4.0,Yes,2.0,0.0,Yes,5.0,1.0,Introvert
1986,4.0,Yes,2.0,2.0,Yes,2.0,0.0,Introvert
1988,4.0,Yes,2.0,0.0,Yes,3.0,0.0,Introvert
1991,3.0,No,4.0,3.0,No,13.0,3.564726631393298,Extrovert
1994,2.0,No,5.0,3.0,No,7.0,5.0,Extrovert
1995,0.0,No,9.0,4.0,No,13.0,4.0,Extrovert
1996,2.0,No,5.0,6.0,No,12.0,8.0,Extrovert
2009,0.0,No,6.0,6.0,No,15.0,9.0,Extrovert
2010,0.0,No,7.0,7.0,No,11.0,6.0,Introvert
2011,0.0,No,5.0,3.0,No,11.0,9.0,Extrovert
2012,2.0,No,8.0,6.0,No,14.0,6.0,Extrovert
2014,0.0,No,8.0,5.0,No,10.0,5.0,Extrovert
2017,4.505816002819881,Yes,3.0,0.0,Yes,2.0,1.0,Introvert
2018,1.0,No,7.0,5.0,No,14.0,9.0,Extrovert
2023,0.0,No,6.0,6.0,No,11.0,8.0,Extrovert
2024,1.0,No,8.0,5.0,No,8.0,9.0,Extrovert
2027,1.0,No,9.0,3.0,No,9.0,5.0,Extrovert
2029,4.0,Yes,3.0,3.0,Yes,3.0,2.0,Introvert
2030,0.0,No,8.0,4.0,No,6.0,4.0,Extrovert
2031,3.0,No,6.0,3.0,No,10.0,7.0,Extrovert
2032,3.0,No,9.0,6.0,No,15.0,6.0,Extrovert
2033,3.0,No,6.0,3.0,No,15.0,3.564726631393298,Extrovert
2034,0.0,No,8.0,6.0,No,11.0,5.0,Introvert
2036,2.0,No,7.0,5.0,No,15.0,7.0,Extrovert
2044,2.0,No,8.0,5.0,No,13.0,7.0,Introvert
2045,3.0,No,8.0,5.0,No,15.0,7.0,Extrovert
2047,1.0,No,4.0,4.0,No,8.0,8.0,Extrovert
2048,0.0,No,9.0,5.0,No,15.0,7.0,Extrovert
2049,1.0,No,6.0,5.0,No,10.0,4.0,Extrovert
2051,2.0,No,4.0,5.0,No,13.0,3.0,Extrovert
2052,1.0,No,5.0,4.0,No,7.0,3.0,Extrovert
2053,3.0,No,7.0,3.0,No,12.0,6.0,Extrovert
2058,1.0,No,6.0,6.0,No,12.0,4.0,Extrovert
2059,1.0,No,8.0,3.0,No,6.0,7.0,Extrovert
2060,4.0,Yes,1.0,1.0,Yes,4.0,1.0,Introvert
2061,1.0,No,6.0,6.0,No,12.0,5.0,Extrovert
2062,1.0,No,7.0,6.0,No,12.0,4.0,Extrovert
2071,1.0,No,7.0,4.0,No,6.0,5.0,Extrovert
2074,4.0,Yes,3.0,3.0,Yes,3.0,1.0,Introvert
2075,3.0,No,8.0,4.0,No,12.0,6.0,Extrovert
2078,3.0,No,5.0,6.0,No,10.0,9.0,Extrovert
2079,3.0,No,9.0,4.0,No,11.0,5.0,Extrovert
2080,3.0,No,9.0,6.0,No,9.0,8.0,Extrovert
2083,2.0,No,5.0,3.0,No,12.0,4.0,Extrovert
2084,0.0,No,9.0,3.0,No,13.0,4.0,Extrovert
2086,1.0,No,8.0,3.0,No,13.0,6.0,Extrovert
2088,3.0,No,4.0,5.0,No,10.0,5.0,Extrovert
2090,0.0,No,7.0,6.0,No,8.0,5.0,Introvert
2091,4.0,Yes,3.0,1.0,Yes,5.0,0.0,Introvert
2092,0.0,No,4.0,3.0,No,10.0,5.0,Extrovert
2094,0.0,No,6.0,5.0,No,11.0,5.0,Introvert
2095,2.0,No,9.0,6.0,No,9.0,8.0,Extrovert
2097,1.0,No,9.0,6.0,No,10.0,9.0,Extrovert
2099,2.0,No,6.0,6.0,No,5.0,5.0,Extrovert
2100,2.0,No,3.963354474982382,5.0,No,9.0,8.0,Extrovert
2105,0.0,No,9.0,6.0,No,5.0,3.0,Extrovert
2106,0.0,No,7.0,6.0,No,14.0,7.0,Introvert
2107,2.0,No,8.0,3.0,No,12.0,5.0,Extrovert
2108,4.505816002819881,Yes,2.0,2.0,Yes,5.0,2.0,Introvert
2109,0.0,No,4.0,6.0,No,13.0,7.0,Extrovert
2111,0.0,No,9.0,5.0,No,6.0,7.0,Extrovert
2112,1.0,No,9.0,4.0,No,15.0,3.564726631393298,Extrovert
2115,3.0,No,8.0,5.0,No,6.268862911795962,8.0,Extrovert
2116,0.0,No,4.0,6.0,No,13.0,8.0,Extrovert
2117,2.0,No,4.0,6.0,No,7.0,5.0,Extrovert
2119,0.0,No,9.0,3.0,No,13.0,5.0,Extrovert
2120,1.0,No,7.0,3.0,No,15.0,4.0,Extrovert
2122,4.0,Yes,0.0,1.0,Yes,5.0,0.0,Introvert
2124,0.0,No,8.0,6.0,No,7.0,8.0,Extrovert
2131,0.0,No,7.0,4.0,No,5.0,3.0,Extrovert
2133,3.0,No,6.0,4.0,No,12.0,5.0,Extrovert
2135,2.0,No,7.0,6.0,No,12.0,4.0,Extrovert
2137,3.0,No,7.0,3.0,No,12.0,9.0,Extrovert
2142,3.0,No,4.0,5.0,No,7.0,6.0,Extrovert
2143,0.0,No,8.0,6.0,No,14.0,9.0,Extrovert
2145,3.0,No,4.0,4.0,No,13.0,4.0,Extrovert
2147,3.0,No,4.0,6.0,No,10.0,7.0,Extrovert
2148,1.0,No,8.0,3.0,No,8.0,8.0,Extrovert
2151,0.0,No,9.0,3.0,No,15.0,3.564726631393298,Extrovert
2152,4.505816002819881,No,7.0,5.0,No,6.0,7.0,Extrovert
2155,3.0,No,8.0,4.0,No,6.268862911795962,9.0,Extrovert
2156,0.0,No,6.0,3.0,No,6.268862911795962,7.0,Extrovert
2157,0.0,No,4.0,5.0,No,6.0,3.0,Extrovert
2158,3.0,No,7.0,5.0,No,15.0,6.0,Extrovert
2159,3.0,No,7.0,5.0,No,14.0,7.0,Extrovert
2163,2.0,No,7.0,3.0,No,6.268862911795962,9.0,Extrovert
2165,0.0,No,5.0,4.0,No,14.0,7.0,Extrovert
2166,2.0,No,4.0,4.0,No,10.0,5.0,Extrovert
2167,0.0,No,9.0,5.0,No,5.0,3.0,Extrovert
2169,0.0,No,9.0,3.0,No,10.0,3.564726631393298,Extrovert
2171,1.0,No,8.0,5.0,No,5.0,9.0,Extrovert
2172,2.0,No,8.0,5.0,No,8.0,6.0,Introvert
2174,0.0,No,5.0,4.0,No,9.0,4.0,Extrovert
2177,1.0,No,8.0,5.0,No,6.268862911795962,9.0,Extrovert
2178,2.0,No,6.0,5.0,No,7.0,3.0,Extrovert
2179,2.0,No,6.0,6.0,No,8.0,5.0,Extrovert
2180,3.0,No,5.0,6.0,No,12.0,7.0,Extrovert
2181,0.0,No,4.0,5.0,No,15.0,4.0,Extrovert
2182,4.0,Yes,2.0,0.0,Yes,2.0,1.0,Introvert
2186,2.0,No,9.0,6.0,No,12.0,9.0,Extrovert
2189,0.0,No,6.0,4.0,No,14.0,8.0,Extrovert
2191,2.0,No,7.0,4.0,No,15.0,8.0,Extrovert
2192,0.0,No,3.963354474982382,4.0,No,10.0,4.0,Extrovert
2193,0.0,No,9.0,6.0,No,8.0,7.0,Extrovert
2195,3.0,No,5.0,6.0,No,13.0,7.0,Extrovert
2196,1.0,No,7.0,4.0,No,12.0,5.0,Extrovert
2197,2.0,No,6.0,3.0,No,15.0,5.0,Extrovert
2198,0.0,No,7.0,5.0,No,8.0,3.0,Extrovert
2199,0.0,No,6.0,3.0,No,10.0,8.0,Extrovert
2200,2.0,No,9.0,3.0,No,8.0,3.564726631393298,Extrovert
2202,1.0,No,6.0,3.0,No,11.0,8.0,Extrovert
2203,4.505816002819881,No,5.0,3.0,No,15.0,3.0,Extrovert
2204,4.0,Yes,2.0,1.0,Yes,3.0,0.0,Introvert
2205,2.0,No,8.0,5.0,No,8.0,9.0,Extrovert
2206,1.0,No,4.0,6.0,No,6.0,7.0,Extrovert
2207,3.0,No,4.0,4.0,No,14.0,3.0,Extrovert
2208,1.0,No,7.0,5.0,No,14.0,8.0,Introvert
2210,2.0,No,6.0,3.0,No,9.0,8.0,Extrovert
2211,0.0,No,4.0,6.0,No,6.0,6.0,Extrovert
2212,4.0,Yes,1.0,1.0,Yes,3.0,2.0,Introvert
2213,3.0,No,4.0,5.0,No,6.0,3.564726631393298,Extrovert
2214,0.0,No,6.0,4.0,No,10.0,3.0,Extrovert
2215,3.0,No,6.0,5.0,No,14.0,6.0,Extrovert
2216,3.0,No,8.0,6.0,No,11.0,8.0,Extrovert
2220,3.0,No,7.0,3.0,No,12.0,7.0,Extrovert
2224,2.0,No,7.0,5.0,No,8.0,3.564726631393298,Extrovert
2225,0.0,No,5.0,3.0,No,9.0,5.0,Extrovert
2228,1.0,No,7.0,4.0,No,7.0,9.0,Extrovert
2234,1.0,No,5.0,3.0,No,6.0,7.0,Extrovert
2236,1.0,No,9.0,5.0,No,7.0,3.0,Extrovert
2238,0.0,No,5.0,5.0,No,6.268862911795962,4.0,Extrovert
2239,1.0,No,5.0,6.0,No,12.0,3.0,Extrovert
2241,2.0,No,4.0,5.0,No,11.0,7.0,Extrovert
2242,4.505816002819881,Yes,2.0,1.0,Yes,2.0,2.0,Introvert
2245,4.505816002819881,Yes,3.0,2.0,Yes,2.0,2.0,Introvert
2248,0.0,No,9.0,4.0,No,5.0,4.0,Extrovert
2249,3.0,No,9.0,4.0,No,8.0,8.0,Extrovert
2251,3.0,No,4.0,3.0,No,12.0,3.0,Extrovert
2253,3.0,No,8.0,4.0,No,13.0,6.0,Extrovert
2257,1.0,No,7.0,5.0,No,6.0,3.0,Extrovert
2258,4.505816002819881,No,7.0,6.0,No,12.0,8.0,Extrovert
2260,1.0,No,8.0,5.0,No,9.0,6.0,Extrovert
2262,1.0,No,9.0,3.0,No,6.0,8.0,Extrovert
2265,1.0,No,8.0,6.0,No,12.0,3.0,Extrovert
2268,3.0,No,6.0,3.0,No,8.0,7.0,Extrovert
2269,3.0,No,6.0,4.0,No,11.0,9.0,Extrovert
2272,0.0,No,9.0,5.0,No,6.0,7.0,Extrovert
2277,1.0,No,4.0,5.0,No,10.0,4.0,Extrovert
2279,4.0,Yes,3.0,2.0,Yes,3.0,2.0,Introvert
2281,1.0,No,6.0,6.0,No,7.0,3.0,Extrovert
2284,0.0,No,6.0,6.0,No,7.0,7.0,Extrovert
2286,2.0,No,7.0,5.0,No,10.0,5.0,Extrovert
2291,3.0,No,6.0,4.0,No,11.0,5.0,Extrovert
2292,0.0,No,7.0,3.0,No,8.0,5.0,Extrovert
2293,1.0,No,9.0,5.0,No,14.0,9.0,Introvert
2294,2.0,No,9.0,5.0,No,14.0,4.0,Extrovert
2297,0.0,No,5.0,6.0,No,5.0,5.0,Extrovert
2302,1.0,No,9.0,5.0,No,8.0,7.0,Introvert
2303,0.0,No,8.0,4.0,No,10.0,3.0,Extrovert
2305,1.0,No,5.0,5.0,No,10.0,3.0,Extrovert
2306,2.0,No,8.0,3.0,No,6.0,6.0,Extrovert
2310,2.0,No,9.0,4.0,No,8.0,7.0,Extrovert
2312,1.0,No,5.0,5.0,No,9.0,8.0,Extrovert
2314,2.0,No,9.0,3.0,No,6.0,3.0,Extrovert
2315,4.0,Yes,1.0,1.0,Yes,1.0,2.0,Introvert
2317,0.0,No,7.0,3.0,No,6.0,6.0,Extrovert
2318,0.0,No,7.0,5.0,No,10.0,4.0,Extrovert
2320,4.505816002819881,No,6.0,3.0,No,12.0,5.0,Extrovert
2321,3.0,No,5.0,6.0,No,15.0,5.0,Extrovert
2323,3.0,No,8.0,6.0,No,7.0,9.0,Extrovert
2325,4.0,Yes,2.0,1.0,No,2.0,2.0,Introvert
2326,4.0,Yes,3.0,1.0,Yes,3.0,1.0,Introvert
2327,3.0,No,7.0,4.0,No,8.0,4.0,Extrovert
2328,1.0,No,8.0,5.0,No,11.0,7.0,Extrovert
2329,4.0,Yes,2.0,1.0,Yes,2.0,2.0,Introvert
2331,2.0,No,8.0,4.0,No,9.0,8.0,Extrovert
2332,0.0,No,5.0,3.0,No,14.0,7.0,Extrovert
2334,4.0,Yes,1.0,0.0,Yes,6.268862911795962,2.0,Introvert
2337,1.0,No,6.0,5.0,No,15.0,4.0,Extrovert
2339,3.0,No,6.0,5.0,No,14.0,5.0,Extrovert
2341,1.0,No,8.0,6.0,No,10.0,4.0,Extrovert
2342,3.0,No,9.0,4.0,No,13.0,9.0,Extrovert
2343,0.0,No,8.0,5.0,No,15.0,9.0,Extrovert
2347,2.0,No,5.0,5.0,No,11.0,7.0,Extrovert
2349,0.0,No,6.0,4.0,No,10.0,7.0,Extrovert
2350,0.0,No,6.0,5.0,No,12.0,9.0,Extrovert
2351,1.0,No,7.0,3.0,No,8.0,5.0,Extrovert
2353,3.0,No,4.0,6.0,No,9.0,3.0,Extrovert
2356,1.0,No,6.0,6.0,No,12.0,3.0,Extrovert
2357,4.0,Yes,1.0,0.0,Yes,1.0,1.0,Introvert
2359,2.0,No,6.0,4.0,No,9.0,5.0,Extrovert
2360,4.0,Yes,1.0,1.0,Yes,5.0,2.0,Introvert
2361,1.0,No,7.0,4.0,No,15.0,6.0,Extrovert
2363,4.0,Yes,3.0,0.0,Yes,4.0,1.0,Introvert
2364,4.0,Yes,1.0,2.0,Yes,2.0,1.0,Introvert
2366,0.0,No,4.0,6.0,No,10.0,4.0,Extrovert
2367,1.0,No,8.0,7.0,No,9.0,5.0,Introvert
2368,4.505816002819881,No,5.0,5.0,No,6.0,9.0,Extrovert
2369,0.0,No,6.0,5.0,No,7.0,9.0,Extrovert
2371,3.0,No,4.0,3.0,No,7.0,5.0,Extrovert
2372,2.0,No,9.0,5.0,No,12.0,8.0,Extrovert
2373,2.0,No,6.0,7.0,No,11.0,6.0,Introvert
2374,4.0,Yes,3.963354474982382,2.0,Yes,6.268862911795962,0.0,Introvert
2376,1.0,No,6.0,6.0,No,6.268862911795962,7.0,Extrovert
2378,3.0,No,8.0,4.0,No,12.0,6.0,Extrovert
2379,2.0,No,9.0,3.0,No,14.0,7.0,Extrovert
2380,2.0,No,8.0,5.0,No,10.0,5.0,Introvert
2381,2.0,No,6.0,5.0,No,15.0,4.0,Extrovert
2384,3.0,No,6.0,5.0,No,12.0,5.0,Extrovert
2385,1.0,No,5.0,6.0,No,8.0,5.0,Extrovert
2386,1.0,No,6.0,3.0,No,9.0,7.0,Extrovert
2387,4.0,Yes,2.0,0.0,Yes,2.0,0.0,Introvert
2390,0.0,No,5.0,3.0,No,14.0,4.0,Extrovert
2391,0.0,No,9.0,5.0,No,13.0,7.0,Extrovert
2392,1.0,No,7.0,7.0,No,9.0,5.0,Introvert
2393,1.0,No,6.0,5.0,No,9.0,5.0,Extrovert
2394,4.0,Yes,3.0,2.0,No,2.0,0.0,Introvert
2396,0.0,No,7.0,3.0,No,5.0,6.0,Extrovert
2398,4.505816002819881,No,6.0,5.0,No,7.0,3.0,Extrovert
2401,1.0,No,5.0,3.0,No,10.0,7.0,Extrovert
2402,1.0,No,9.0,6.0,No,13.0,5.0,Extrovert
2403,2.0,No,5.0,4.0,No,13.0,6.0,Extrovert
2404,1.0,No,7.0,6.0,No,8.0,7.0,Extrovert
2405,0.0,No,7.0,5.0,No,12.0,3.0,Extrovert
2406,0.0,No,4.0,4.0,No,8.0,3.0,Extrovert
2407,3.0,No,6.0,3.0,No,8.0,7.0,Extrovert
2409,1.0,No,8.0,3.0,No,8.0,4.0,Extrovert
2411,3.0,No,9.0,6.0,No,13.0,8.0,Extrovert
2412,0.0,No,6.0,5.0,No,9.0,7.0,Extrovert
2413,2.0,No,7.0,5.0,No,12.0,6.0,Introvert
2414,1.0,No,7.0,6.0,No,13.0,6.0,Extrovert
2417,0.0,No,9.0,4.0,No,6.268862911795962,7.0,Extrovert
2418,2.0,No,4.0,5.0,No,6.268862911795962,6.0,Extrovert
2420,0.0,No,8.0,4.0,No,11.0,6.0,Extrovert
2422,2.0,No,5.0,5.0,No,10.0,6.0,Extrovert
2423,3.0,No,8.0,5.0,No,10.0,5.0,Extrovert
2424,3.0,No,6.0,4.0,No,12.0,3.0,Extrovert
2425,3.0,No,4.0,6.0,No,11.0,5.0,Extrovert
2426,2.0,No,9.0,3.0,No,7.0,8.0,Extrovert
2427,3.0,No,9.0,5.0,No,5.0,3.0,Extrovert
2429,3.0,No,7.0,5.0,No,14.0,3.0,Extrovert
2431,1.0,No,7.0,3.0,No,10.0,3.564726631393298,Extrovert
2432,4.505816002819881,Yes,1.0,0.0,Yes,1.0,2.0,Introvert
2433,4.0,Yes,1.0,2.0,Yes,2.0,2.0,Introvert
2435,2.0,No,9.0,3.0,No,7.0,4.0,Extrovert
2437,3.0,No,9.0,5.0,No,11.0,3.0,Extrovert
2440,2.0,No,4.0,5.0,No,10.0,9.0,Extrovert
2441,3.0,No,4.0,5.0,No,15.0,4.0,Extrovert
2443,0.0,No,6.0,5.0,No,5.0,5.0,Extrovert
2444,3.0,No,8.0,6.0,No,7.0,6.0,Extrovert
2445,2.0,No,3.963354474982382,5.0,No,8.0,8.0,Extrovert
2447,2.0,No,9.0,6.0,No,10.0,6.0,Introvert
2448,1.0,No,9.0,4.0,No,10.0,5.0,Extrovert
2449,4.505816002819881,Yes,1.0,2.0,Yes,3.0,1.0,Introvert
2450,2.0,No,8.0,3.0,No,6.0,7.0,Extrovert
2451,3.0,No,9.0,6.0,No,5.0,7.0,Extrovert
2452,0.0,No,5.0,4.0,No,13.0,7.0,Extrovert
2453,1.0,No,5.0,4.0,No,11.0,7.0,Extrovert
2454,2.0,No,8.0,3.0,No,10.0,8.0,Extrovert
2455,0.0,No,6.0,6.0,No,13.0,6.0,Introvert
2456,0.0,No,9.0,3.0,No,12.0,8.0,Extrovert
2457,0.0,No,9.0,5.0,No,14.0,9.0,Introvert
2458,1.0,No,6.0,3.0,No,6.0,4.0,Extrovert
2459,3.0,No,4.0,5.0,No,5.0,4.0,Extrovert
2460,2.0,No,5.0,6.0,No,9.0,9.0,Extrovert
2461,1.0,No,9.0,4.0,No,5.0,9.0,Extrovert
2462,0.0,No,8.0,3.0,No,8.0,3.564726631393298,Extrovert
2463,4.0,Yes,0.0,0.0,Yes,5.0,1.0,Introvert
2464,4.0,Yes,1.0,0.0,Yes,3.0,1.0,Introvert
2465,3.0,No,9.0,4.0,No,6.0,9.0,Extrovert
2470,4.0,Yes,2.0,1.0,Yes,2.0,2.0,Introvert
2474,1.0,No,9.0,5.0,No,14.0,4.0,Extrovert
2477,3.0,No,9.0,3.0,No,8.0,4.0,Extrovert
2478,0.0,No,8.0,7.0,No,13.0,9.0,Introvert
2479,0.0,No,6.0,5.0,No,14.0,5.0,Extrovert
2480,3.0,No,6.0,4.0,No,8.0,5.0,Extrovert
2484,1.0,No,8.0,4.0,No,15.0,6.0,Extrovert
2488,1.0,No,9.0,5.0,No,12.0,9.0,Extrovert
2489,4.505816002819881,Yes,0.0,1.0,Yes,3.0,1.0,Introvert
2490,0.0,No,4.0,6.0,No,9.0,7.0,Extrovert
2491,1.0,No,8.0,3.0,No,7.0,3.0,Extrovert
2492,2.0,No,8.0,3.0,No,15.0,7.0,Extrovert
2493,1.0,No,5.0,6.0,No,5.0,6.0,Extrovert
2496,4.505816002819881,Yes,3.0,2.0,Yes,2.0,1.0,Introvert
2498,1.0,No,5.0,3.0,No,5.0,7.0,Extrovert
2499,2.0,No,9.0,6.0,No,8.0,6.0,Introvert
2501,2.0,No,5.0,4.0,No,5.0,9.0,Extrovert
2502,4.505816002819881,No,5.0,3.0,No,11.0,9.0,Extrovert
2503,3.0,No,6.0,4.0,No,5.0,3.564726631393298,Extrovert
2504,3.0,No,8.0,5.0,No,15.0,3.0,Extrovert
2506,0.0,No,9.0,5.0,No,11.0,5.0,Introvert
2507,2.0,No,6.0,5.0,No,6.0,3.0,Extrovert
2508,0.0,No,4.0,5.0,No,11.0,5.0,Extrovert
2510,2.0,No,4.0,3.0,No,8.0,8.0,Extrovert
2513,0.0,No,5.0,5.0,No,14.0,5.0,Extrovert
2514,3.0,No,7.0,6.0,No,13.0,9.0,Extrovert
2515,1.0,No,6.0,6.0,No,5.0,8.0,Extrovert
2517,3.0,No,5.0,5.0,No,13.0,9.0,Extrovert
2520,0.0,No,9.0,3.0,No,12.0,8.0,Extrovert
2521,3.0,No,4.0,3.0,No,12.0,7.0,Extrovert
2523,1.0,No,4.0,6.0,No,5.0,3.0,Extrovert
2524,0.0,No,5.0,6.0,No,12.0,4.0,Extrovert
2527,4.505816002819881,Yes,1.0,0.0,No,5.0,1.0,Introvert
2528,4.0,Yes,0.0,1.0,Yes,1.0,0.0,Introvert
2530,2.0,No,7.0,3.0,No,15.0,9.0,Extrovert
2534,2.0,No,5.0,3.0,No,14.0,5.0,Extrovert
2535,4.0,Yes,3.0,0.0,Yes,4.0,0.0,Introvert
2536,3.0,No,6.0,3.0,No,5.0,9.0,Extrovert
2537,1.0,No,6.0,3.0,No,8.0,6.0,Extrovert
2538,0.0,No,9.0,5.0,No,8.0,7.0,Extrovert
2539,1.0,No,9.0,3.0,No,5.0,3.0,Extrovert
2540,1.0,No,9.0,6.0,No,14.0,7.0,Extrovert
2541,4.505816002819881,Yes,3.0,1.0,Yes,4.0,2.0,Introvert
2542,0.0,No,9.0,5.0,No,14.0,4.0,Extrovert
2543,1.0,No,4.0,4.0,No,13.0,7.0,Extrovert
2545,1.0,No,6.0,4.0,No,5.0,6.0,Extrovert
2546,1.0,No,7.0,3.0,No,12.0,8.0,Extrovert
2547,1.0,No,7.0,4.0,No,9.0,6.0,Extrovert
2548,3.0,No,7.0,6.0,No,6.0,4.0,Extrovert
2549,0.0,No,8.0,5.0,No,5.0,8.0,Extrovert
2550,3.0,No,7.0,4.0,No,8.0,6.0,Extrovert
2551,2.0,No,9.0,5.0,No,11.0,6.0,Extrovert
2552,3.0,No,5.0,6.0,No,8.0,8.0,Extrovert
2553,3.0,No,6.0,4.0,No,10.0,7.0,Extrovert
2557,0.0,No,3.963354474982382,3.0,No,11.0,5.0,Extrovert
2560,2.0,No,6.0,3.0,No,10.0,3.0,Extrovert
2562,1.0,No,6.0,5.0,No,12.0,6.0,Introvert
2563,2.0,No,9.0,5.0,No,14.0,6.0,Extrovert
2565,1.0,No,5.0,3.0,No,5.0,5.0,Extrovert
2566,1.0,No,6.0,3.0,No,11.0,6.0,Extrovert
2567,1.0,No,8.0,4.0,No,14.0,7.0,Extrovert
2571,0.0,No,7.0,3.0,No,6.0,4.0,Extrovert
2572,2.0,No,7.0,3.0,No,8.0,4.0,Extrovert
2574,1.0,No,9.0,4.0,No,9.0,8.0,Extrovert
2575,0.0,No,7.0,4.0,No,11.0,6.0,Extrovert
2576,3.0,No,4.0,3.0,No,14.0,8.0,Extrovert
2578,3.0,No,5.0,5.0,No,14.0,8.0,Extrovert
2579,0.0,No,6.0,4.0,No,6.268862911795962,5.0,Extrovert
2580,1.0,No,8.0,6.0,No,10.0,7.0,Extrovert
2581,4.0,Yes,1.0,2.0,Yes,1.0,2.0,Introvert
2582,1.0,No,7.0,3.0,No,8.0,6.0,Extrovert
2583,3.0,No,5.0,5.0,No,14.0,8.0,Extrovert
2584,4.0,Yes,3.0,1.0,Yes,2.0,1.0,Introvert
2585,0.0,No,6.0,5.0,No,6.0,3.0,Extrovert
2586,3.0,No,9.0,5.0,No,11.0,3.0,Extrovert
2589,0.0,No,9.0,4.0,No,12.0,3.564726631393298,Extrovert
2591,3.0,No,4.0,5.0,No,6.0,4.0,Extrovert
2592,2.0,No,8.0,5.0,No,13.0,7.0,Introvert
2593,3.0,No,5.0,5.0,No,6.0,7.0,Extrovert
2595,3.0,No,4.0,6.0,No,12.0,4.0,Extrovert
2596,0.0,No,4.0,6.0,No,6.0,3.0,Extrovert
2597,3.0,No,8.0,4.0,No,10.0,7.0,Extrovert
2598,2.0,No,8.0,5.0,No,14.0,5.0,Extrovert
2599,1.0,No,7.0,5.0,No,9.0,7.0,Introvert
2600,2.0,No,7.0,6.0,No,6.0,7.0,Extrovert
2604,2.0,No,5.0,6.0,No,13.0,7.0,Extrovert
2605,1.0,No,5.0,5.0,No,14.0,9.0,Extrovert
2606,2.0,No,7.0,6.0,No,7.0,9.0,Extrovert
2609,0.0,No,8.0,6.0,No,5.0,5.0,Extrovert
2612,4.0,Yes,3.0,1.0,Yes,5.0,0.0,Introvert
2613,3.0,No,4.0,6.0,No,9.0,3.564726631393298,Extrovert
2614,3.0,No,9.0,6.0,No,12.0,5.0,Extrovert
2617,2.0,No,5.0,4.0,No,8.0,7.0,Extrovert
2618,0.0,No,4.0,6.0,No,9.0,5.0,Extrovert
2620,2.0,No,9.0,5.0,No,14.0,6.0,Extrovert
2623,2.0,No,4.0,3.0,No,9.0,4.0,Extrovert
2625,1.0,No,4.0,4.0,No,8.0,7.0,Extrovert
2626,4.0,Yes,2.0,0.0,Yes,2.0,2.0,Introvert
2628,0.0,No,5.0,3.0,No,15.0,5.0,Extrovert
2630,2.0,No,5.0,3.0,No,10.0,9.0,Extrovert
2634,1.0,No,4.0,6.0,No,6.268862911795962,3.0,Extrovert
2636,3.0,No,9.0,6.0,No,7.0,8.0,Extrovert
2637,0.0,No,9.0,4.0,No,6.268862911795962,4.0,Extrovert
2638,2.0,No,7.0,3.0,No,11.0,7.0,Extrovert
2639,1.0,No,7.0,7.0,No,10.0,9.0,Introvert
2640,1.0,No,9.0,3.0,No,8.0,9.0,Extrovert
2641,2.0,No,7.0,6.0,No,9.0,7.0,Extrovert
2642,2.0,No,4.0,4.0,No,9.0,7.0,Extrovert
2643,2.0,No,9.0,3.0,No,6.0,8.0,Extrovert
2644,1.0,No,3.963354474982382,6.0,No,8.0,6.0,Extrovert
2645,2.0,No,8.0,6.0,No,11.0,3.0,Extrovert
2646,1.0,No,8.0,6.0,No,12.0,7.0,Introvert
2649,1.0,No,6.0,6.0,No,7.0,7.0,Extrovert
2650,3.0,No,4.0,6.0,No,5.0,9.0,Extrovert
2652,4.0,Yes,0.0,0.0,Yes,2.0,0.0,Introvert
2654,2.0,No,7.0,4.0,No,5.0,7.0,Extrovert
2656,4.0,Yes,3.0,1.0,Yes,4.0,1.0,Introvert
2657,2.0,No,9.0,3.0,No,5.0,9.0,Extrovert
2659,3.0,No,9.0,5.0,No,8.0,3.564726631393298,Extrovert
2661,3.0,No,8.0,4.0,No,10.0,3.0,Extrovert
2667,0.0,No,4.0,5.0,No,13.0,3.0,Extrovert
2668,0.0,No,5.0,5.0,No,7.0,9.0,Extrovert
2670,3.0,No,4.0,3.0,No,15.0,9.0,Extrovert
2671,1.0,No,9.0,6.0,No,7.0,3.0,Extrovert
2672,0.0,No,5.0,3.0,No,6.268862911795962,5.0,Extrovert
2674,3.0,No,9.0,3.0,No,9.0,8.0,Extrovert
2678,2.0,No,9.0,7.0,No,14.0,5.0,Introvert
2679,0.0,No,4.0,5.0,No,13.0,9.0,Extrovert
2680,3.0,No,7.0,3.0,No,7.0,8.0,Extrovert
2681,2.0,No,6.0,3.0,No,8.0,3.0,Extrovert
2682,0.0,No,4.0,3.0,No,5.0,4.0,Extrovert
2685,2.0,No,4.0,3.0,No,6.0,6.0,Extrovert
2687,0.0,No,6.0,5.0,No,13.0,8.0,Introvert
2688,4.0,Yes,2.0,0.0,Yes,3.0,2.0,Introvert
2692,1.0,No,7.0,5.0,No,12.0,3.0,Extrovert
2693,0.0,No,4.0,5.0,No,14.0,7.0,Extrovert
2694,3.0,No,5.0,4.0,No,10.0,6.0,Extrovert
2698,2.0,No,5.0,4.0,No,6.0,8.0,Extrovert
2699,0.0,No,5.0,5.0,No,6.0,6.0,Extrovert
2701,1.0,No,6.0,5.0,No,10.0,8.0,Extrovert
2703,3.0,No,4.0,5.0,No,12.0,4.0,Extrovert
2704,3.0,No,3.963354474982382,5.0,No,12.0,3.0,Extrovert
2705,4.505816002819881,No,9.0,5.0,No,9.0,4.0,Extrovert
2706,0.0,No,6.0,3.0,No,7.0,7.0,Extrovert
2707,3.0,No,9.0,6.0,No,12.0,5.0,Extrovert
2709,2.0,No,7.0,3.0,No,12.0,7.0,Extrovert
2711,4.505816002819881,No,4.0,6.0,No,12.0,3.0,Extrovert
2712,2.0,No,4.0,3.0,No,6.268862911795962,3.0,Extrovert
2713,0.0,No,7.0,4.0,No,8.0,3.564726631393298,Extrovert
2715,4.505816002819881,No,6.0,6.0,No,14.0,6.0,Extrovert
2716,3.0,No,8.0,6.0,No,11.0,9.0,Extrovert
2717,0.0,No,4.0,3.0,No,9.0,7.0,Extrovert
2722,2.0,No,6.0,3.0,No,11.0,7.0,Extrovert
2724,1.0,No,5.0,6.0,No,13.0,6.0,Extrovert
2727,1.0,No,9.0,4.0,No,10.0,6.0,Extrovert
2728,0.0,No,7.0,3.0,No,12.0,7.0,Extrovert
2729,0.0,No,7.0,3.0,No,10.0,4.0,Extrovert
2730,2.0,No,8.0,5.0,No,6.0,8.0,Extrovert
2731,1.0,No,8.0,3.0,No,7.0,9.0,Extrovert
2733,3.0,No,7.0,4.0,No,11.0,3.0,Extrovert
2734,3.0,No,3.963354474982382,4.0,No,7.0,4.0,Extrovert
2735,3.0,No,5.0,4.0,No,13.0,5.0,Extrovert
2737,2.0,No,9.0,4.0,No,15.0,4.0,Extrovert
2742,2.0,No,7.0,4.0,No,7.0,7.0,Extrovert
2743,3.0,No,3.963354474982382,3.0,No,10.0,4.0,Extrovert
2744,2.0,No,6.0,3.0,No,9.0,9.0,Extrovert
2747,4.0,Yes,2.0,2.0,Yes,3.0,2.0,Introvert
2748,3.0,No,4.0,3.0,No,15.0,8.0,Extrovert
2750,1.0,No,9.0,6.0,No,14.0,7.0,Extrovert
2751,0.0,No,5.0,4.0,No,10.0,7.0,Extrovert
2753,0.0,No,4.0,5.0,No,10.0,3.0,Extrovert
2755,0.0,No,8.0,4.0,No,10.0,9.0,Extrovert
2756,3.0,No,5.0,6.0,No,9.0,3.564726631393298,Extrovert
2759,2.0,No,8.0,4.0,No,10.0,5.0,Extrovert
2760,1.0,No,5.0,4.0,No,15.0,8.0,Extrovert
2762,2.0,No,9.0,3.0,No,12.0,5.0,Extrovert
2763,1.0,No,8.0,6.0,No,12.0,6.0,Extrovert
2764,3.0,No,5.0,4.0,No,6.0,3.0,Extrovert
2766,0.0,No,9.0,6.0,No,8.0,6.0,Extrovert
2767,0.0,No,9.0,3.0,No,6.268862911795962,9.0,Extrovert
2770,0.0,No,4.0,5.0,No,15.0,7.0,Extrovert
2772,4.505816002819881,No,7.0,6.0,No,11.0,7.0,Extrovert
2774,4.0,Yes,2.0,1.0,Yes,2.0,0.0,Introvert
2775,0.0,No,8.0,5.0,No,5.0,9.0,Extrovert
2777,1.0,No,8.0,4.0,No,10.0,7.0,Extrovert
2782,1.0,No,4.0,5.0,No,7.0,8.0,Extrovert
2784,1.0,No,8.0,3.0,No,12.0,9.0,Extrovert
2786,1.0,No,4.0,3.0,No,15.0,3.0,Extrovert
2787,4.505816002819881,No,1.0,2.0,Yes,4.0,2.0,Introvert
2788,0.0,No,6.0,3.0,No,14.0,5.0,Extrovert
2792,4.0,Yes,0.0,2.0,Yes,2.0,0.0,Introvert
2793,2.0,No,7.0,6.0,No,6.0,7.0,Extrovert
2795,3.0,No,9.0,4.0,No,8.0,3.0,Extrovert
2798,3.0,No,8.0,3.0,No,8.0,6.0,Extrovert
2799,3.0,No,7.0,6.0,No,9.0,4.0,Extrovert
2803,2.0,No,4.0,5.0,No,5.0,7.0,Extrovert
2804,1.0,No,7.0,6.0,No,15.0,3.0,Extrovert
2806,2.0,No,7.0,4.0,No,7.0,3.0,Extrovert
2807,2.0,No,6.0,3.0,No,6.0,6.0,Extrovert
2808,3.0,No,8.0,5.0,No,11.0,6.0,Extrovert
2809,2.0,No,8.0,3.0,No,14.0,4.0,Extrovert
2813,2.0,No,7.0,7.0,No,9.0,8.0,Introvert
2814,0.0,No,9.0,6.0,No,14.0,7.0,Extrovert
2815,2.0,No,8.0,6.0,No,6.0,4.0,Extrovert
2816,4.0,Yes,0.0,2.0,Yes,3.0,1.0,Introvert
2819,3.0,No,5.0,6.0,No,13.0,3.0,Extrovert
2821,3.0,No,7.0,4.0,No,9.0,8.0,Extrovert
2824,1.0,No,7.0,3.0,No,7.0,4.0,Extrovert
2827,2.0,No,8.0,5.0,No,7.0,9.0,Extrovert
2828,2.0,No,4.0,4.0,No,10.0,3.0,Extrovert
2829,3.0,No,7.0,5.0,No,6.0,4.0,Extrovert
2831,3.0,No,5.0,6.0,No,12.0,5.0,Extrovert
2832,2.0,No,4.0,4.0,No,9.0,8.0,Extrovert
2835,1.0,No,8.0,5.0,No,11.0,8.0,Introvert
2836,4.0,Yes,1.0,0.0,Yes,4.0,1.0,Introvert
2837,2.0,No,5.0,4.0,No,6.0,7.0,Extrovert
2840,2.0,No,8.0,6.0,No,12.0,4.0,Extrovert
2841,4.0,Yes,2.0,0.0,Yes,3.0,0.0,Introvert
2842,2.0,No,8.0,5.0,No,12.0,5.0,Extrovert
2845,4.0,Yes,0.0,2.0,Yes,5.0,2.0,Introvert
2846,0.0,No,5.0,6.0,No,12.0,7.0,Extrovert
2847,1.0,No,7.0,3.0,No,9.0,3.0,Extrovert
2848,1.0,No,8.0,4.0,No,5.0,5.0,Extrovert
2849,2.0,No,4.0,5.0,No,6.0,4.0,Extrovert
2850,0.0,No,9.0,3.0,No,11.0,3.0,Extrovert
2851,1.0,No,4.0,3.0,No,10.0,4.0,Extrovert
2853,1.0,No,5.0,5.0,No,13.0,6.0,Extrovert
2855,1.0,No,9.0,4.0,No,10.0,8.0,Extrovert
2856,1.0,No,7.0,5.0,No,10.0,5.0,Extrovert
2857,2.0,No,5.0,3.0,No,9.0,3.0,Extrovert
2858,1.0,No,9.0,5.0,No,11.0,8.0,Introvert
2859,2.0,No,7.0,4.0,No,13.0,7.0,Extrovert
2861,1.0,No,6.0,5.0,No,14.0,5.0,Extrovert
2863,1.0,No,4.0,6.0,No,9.0,5.0,Extrovert
2864,2.0,No,4.0,4.0,No,8.0,7.0,Extrovert
2865,1.0,No,6.0,7.0,No,13.0,7.0,Introvert
2866,3.0,No,8.0,3.0,No,6.0,7.0,Extrovert
2868,2.0,No,5.0,4.0,No,7.0,8.0,Extrovert
2869,2.0,No,7.0,5.0,No,14.0,3.0,Extrovert
2870,2.0,No,5.0,3.0,No,7.0,4.0,Extrovert
2871,3.0,No,5.0,4.0,No,7.0,4.0,Extrovert
2872,0.0,No,6.0,4.0,No,13.0,3.0,Extrovert
2874,4.0,Yes,1.0,2.0,Yes,5.0,0.0,Introvert
2875,0.0,No,8.0,5.0,No,14.0,5.0,Extrovert
2876,1.0,No,7.0,6.0,No,5.0,9.0,Extrovert
2877,2.0,No,5.0,6.0,No,7.0,6.0,Extrovert
2878,2.0,No,7.0,4.0,No,12.0,8.0,Extrovert
2880,0.0,No,6.0,3.0,No,7.0,5.0,Extrovert
2881,4.0,Yes,1.0,2.0,Yes,1.0,2.0,Introvert
2882,1.0,No,9.0,3.0,No,7.0,6.0,Extrovert
2887,0.0,No,9.0,6.0,No,6.0,3.0,Extrovert
2894,0.0,No,9.0,3.0,No,12.0,3.564726631393298,Extrovert
2895,3.0,No,7.0,6.0,No,6.0,6.0,Extrovert
2896,3.0,No,8.0,3.0,No,14.0,9.0,Extrovert
2897,4.0,Yes,1.0,1.0,Yes,4.0,0.0,Introvert
2899,3.0,No,6.0,6.0,No,6.0,9.0,Extrovert
